<<<<<<< HEAD
last-generated=2022-10-04
statistics-initialization=
{
  "nonlinear": "0, 1, 1, 0, 1, 0, 1, 1, 0, 1, 1, 1, 16, 16, 16, 1, 0, 1, 2, 16, 1",
=======
last-generated=2024-09-19
statistics-initialization=
{
  "nonlinear": "0, 1, 16, 1, 16, 16, 16, 2, 1, 1, 0, 1, 0, 1, 0, 1, 1, 0, 1, 1, 0, 1, 0",
>>>>>>> master
  "numerical Jacobians": "0"
}
statistics-simulation=
{
<<<<<<< HEAD
  "linear": "0, 0, 0, 0, 0, 13, 0, 0, 0, 13, 0, 0, 0, 13, 0, 8, 0, 13, 0, 0, 0",
  "nonlinear": "1, 1, 1, 0, 1, 1, 1, 0, 1, 2, 1, 0, 1, 1, 1, 1, 1, 0",
  "number of continuous time states": "224",
  "numerical Jacobians": "0"
}
time=[0e+00, 1.728e+05]
fanSupHot.m_flow=[-0e+00, 4.448346135887959e-09, -6.555457510160068e-09, 6.684225439812508e-08, 6.485220893637234e-08, 1.34386880290549e-07, 7.117353817420735e-08, -3.347965815692078e-08, -3.980099450018315e-08, -5.31460315755794e-08, -2.926543674064419e-09, 7.269534307852155e-08, 2.012561321258545e+00, 2.057414770126343e+00, 2.062470436096191e+00, 2.063754320144653e+00, 2.059867382049561e+00, 2.021887302398681e+00, 1.930649042129517e+00, 1.874289512634277e+00, 1.858599662780762e+00, 1.845759272575378e+00, 1.832521200180054e+00, 1.819590330123901e+00, 1.806738018989563e+00, 1.796045303344727e+00, 1.798218846321106e+00, 1.794153094291687e+00, 1.771248459815979e+00, 1.764328479766846e+00, 1.761448860168457e+00, 1.760047674179077e+00, 1.759554862976074e+00, 1.759684562683105e+00, 1.759738326072693e+00, 1.759138822555542e+00, 1.766363143920898e+00, 1.789007902145386e+00, 1.813901782035828e+00, 1.843305230140686e+00, -3.296458714885375e-07, 9.997073391332378e-08, 4.042142052185227e-07, 8.884986613111323e-08, -1.779338454355184e-08, -2.923031843238277e-07, -1.318115181447865e-07, -1.478489792816617e-07, -7.84313680668447e-09, 5.654082357864354e-08, 2.388059527902442e-08, 1.237342672766317e-07, 2.434884294189033e-08, -3.048287737783539e-07, 5.349721732272883e-08, -9.03716639300018e-08, 3.113842339530821e-08, 3.745975902802564e-07, 1.416447137359e-08, -4.015217882624711e-07, -8.694175903656287e-07, 2.745098015566327e-07, 1.927225232124329e+00, 1.920949697494507e+00, 1.913028836250305e+00, 1.909232258796692e+00, 1.908720731735229e+00, 1.893702268600464e+00, 1.849423885345459e+00, 1.81545615196228e+00, 1.805923938751221e+00, 1.797742366790771e+00, 1.787587404251099e+00, 1.778452634811401e+00, 1.773487329483032e+00, 1.768260359764099e+00, 1.77130651473999e+00, 1.765609502792358e+00, 1.747862815856934e+00, 1.754584789276123e+00, 1.757385969161987e+00, 1.757415413856506e+00, 1.753825664520264e+00, 1.746482610702515e+00, 1.742907285690308e+00, 1.741724848747253e+00, 1.753008365631104e+00, 1.783691883087158e+00, 1.803632855415344e+00, 1.81739330291748e+00, 7.035411186961937e-08, 2.57535841541312e-08, -5.256072199699702e-08, -3.852502175050176e-07, -3.651155964234931e-07, 1.677494765317533e-07, 8.618085871603398e-07, 1.333333301545281e-07, 8.744512314251551e-08, -6.036873969605949e-07, -5.31460315755794e-08]
fanSupCol.m_flow=[-0e+00, 1.170617469625768e-08, -1.779338454355184e-08, 1.848405020155042e-07, 1.79806846745123e-07, 3.712027876190405e-07, 1.967807889968753e-07, -9.201053075003074e-08, -1.095697967912201e-07, -1.472636768085067e-07, -7.609013863429936e-09, 2.006438251100917e-07, 2.710486054420471e-01, 1.62317156791687e-01, 1.504863202571869e-01, 1.475690007209778e-01, 1.570630222558975e-01, 2.510206699371343e-01, 5.445118546485901e-01, 8.116489052772522e-01, 8.955684304237366e-01, 9.652630090713501e-01, 1.037858724594116e+00, 1.110389590263367e+00, 1.183121681213379e+00, 1.244776725769043e+00, 1.231582760810852e+00, 1.254566431045532e+00, 1.388679265975952e+00, 1.429344177246094e+00, 1.445704817771912e+00, 1.453068137168884e+00, 1.454883694648743e+00, 1.453084230422974e+00, 1.452055692672729e+00, 1.454913020133972e+00, 1.413312315940857e+00, 1.281261682510376e+00, 1.136543273925781e+00, 9.698739051818848e-01, -9.114427257372881e-07, 2.766169018286746e-07, 1.117822648666333e-06, 2.455955439017998e-07, -4.951711929379599e-08, -8.084284104370454e-07, -3.644132107183395e-07, -4.092478604889038e-07, -2.165642243312504e-08, 1.559262443606713e-07, 6.649106865097565e-08, 3.419373513224855e-07, 6.731050206099098e-08, -8.428445426034159e-07, 1.474978006399397e-07, -2.495756348253101e-07, 8.604038015392689e-08, 1.036464709613968e-06, 3.898156109016782e-08, -1.11091594590107e-06, -2.404799488431308e-06, 7.598478077852633e-07, 5.542791485786438e-01, 5.819685459136963e-01, 6.176417469978333e-01, 6.350628733634949e-01, 6.375174522399902e-01, 7.0851731300354e-01, 9.38471496105196e-01, 1.127591133117675e+00, 1.181216835975647e+00, 1.228275299072266e+00, 1.287665963172913e+00, 1.341711044311523e+00, 1.36916196346283e+00, 1.395865201950073e+00, 1.375643968582153e+00, 1.403087377548218e+00, 1.482476472854614e+00, 1.440124750137329e+00, 1.42918860912323e+00, 1.432038068771362e+00, 1.451523184776306e+00, 1.483429312705994e+00, 1.489509701728821e+00, 1.484664797782898e+00, 1.42224133014679e+00, 1.282605171203613e+00, 1.189364433288574e+00, 1.117195844650269e+00, 1.946736887248335e-07, 7.175884775278973e-08, -1.45858933819909e-07, -1.065378910425352e-06, -1.010008759294578e-06, 4.642668898213742e-07, 2.383728315180633e-06, 3.690956873469986e-07, 2.424348792828823e-07, -1.669885818955663e-06, -1.46678360124497e-07]
fanRet.m_flow=[-0e+00, -4.093259065029997e-07, -4.641107977931824e-07, -1.032484604479578e-07, -5.176080009050565e-08, 3.300946218587342e-07, 1.395961248817912e-07, -3.323187911519199e-07, -3.876304504046857e-07, -4.820797698812385e-07, -2.975904749291658e-07, 7.975806681770337e-08, 3.326126337051392e+00, 3.266307830810547e+00, 3.25935959815979e+00, 3.257511138916016e+00, 3.263280153274536e+00, 3.315288305282593e+00, 3.502074956893921e+00, 3.695574522018433e+00, 3.755383491516113e+00, 3.806804895401001e+00, 3.860398292541504e+00, 3.914485454559326e+00, 3.970095634460449e+00, 4.017369270324707e+00, 4.007959842681885e+00, 4.026149749755859e+00, 4.128273010253906e+00, 4.159156799316406e+00, 4.172324180603027e+00, 4.178866863250732e+00, 4.181498527526855e+00, 4.181117534637451e+00, 4.18043851852417e+00, 4.182861328125e+00, 4.151514530181885e+00, 4.051530838012695e+00, 3.941773891448975e+00, 3.815372228622437e+00, -1.775319447006041e-06, 2.559750100772362e-08, 1.592781131876109e-06, 3.765486269458052e-07, -8.096770898191608e-08, -1.401560780323052e-06, -9.134913057096128e-07, -1.063818103830272e-06, -5.007706249671173e-07, -1.669300502271653e-07, -2.78431372180421e-07, 2.226124138360319e-07, -1.420934552243125e-07, -1.781328592187492e-06, -2.095795395007372e-07, -8.176177743735107e-07, -3.378597170921999e-07, 1.404760496370772e-06, -1.102136337749471e-07, -2.001794882744434e-06, -4.627938324119896e-06, 6.283484026425867e-07, 3.507970333099365e+00, 3.527936935424805e+00, 3.553747653961182e+00, 3.566552877426147e+00, 3.568326234817505e+00, 3.619521617889404e+00, 3.78909206390381e+00, 3.930785655975341e+00, 3.971519470214843e+00, 4.00725269317627e+00, 4.052148818969727e+00, 4.092882633209229e+00, 4.114861011505127e+00, 4.13604211807251e+00, 4.121250629425049e+00, 4.141462802886963e+00, 4.197585105895996e+00, 4.16344165802002e+00, 4.156461715698242e+00, 4.159514427185059e+00, 4.173286914825439e+00, 4.193968772888184e+00, 4.193511009216309e+00, 4.17713451385498e+00, 4.131851673126221e+00, 4.044949054718018e+00, 3.978616714477539e+00, 3.924813508987427e+00, -8.311383936643324e-08, -2.428836012313695e-07, -5.995121910018497e-07, -2.206340695920517e-06, -2.434123416605871e-06, -1.698370795111259e-07, 3.247409949835856e-06, 5.597502195087145e-07, 3.79689765850344e-07, -2.750053454292356e-06, -4.538678979315591e-07]
fanSupHot.dp=[0e+00, 2.473825588822365e-10, -3.637978807091713e-10, 3.754394128918648e-09, 3.667082637548447e-09, 7.552444003522396e-09, 4.001776687800884e-09, -1.877197064459324e-09, -2.226443029940128e-09, -2.997694537043571e-09, -1.600710675120354e-10, 4.089088179171085e-09, 4.596076583862305e+01, 4.80524787902832e+01, 4.828823089599609e+01, 4.834809875488281e+01, 4.816683578491211e+01, 4.639565658569335e+01, 3.702956008911133e+01, 2.410921478271484e+01, 1.963814163208008e+01, 1.577422332763672e+01, 1.165693950653076e+01, 7.425333023071289e+00, 3.056076288223267e+00, -7.388877272605896e-01, 3.669480234384537e-02, -1.404455304145813e+00, -9.860218048095717e+00, -1.249614715576172e+01, -1.357119941711426e+01, -1.406347465515137e+01, -1.419935894012451e+01, -1.409423065185547e+01, -1.402243614196777e+01, -1.420693492889404e+01, -1.152954196929932e+01, -3.177968978881836e+00, 5.643308639526367e+00, 1.531613731384277e+01, -1.855369191616774e-08, 5.631591193377972e-09, 2.275919541716576e-08, 5.005858838558197e-09, -1.01863406598568e-09, -1.645821612328291e-08, -7.421476766467094e-09, -8.338247425854206e-09, -4.365574568510056e-10, 3.172317519783974e-09, 1.353328116238117e-09, 6.955815479159355e-09, 1.367880031466484e-09, -1.715670805424452e-08, 3.012246452271938e-09, -5.07861841470013e-09, 1.760781742632574e-09, 2.110027708113254e-08, 8.003553375601768e-10, -2.261367626488209e-08, -4.895264282822609e-08, 1.546868588775396e-08, 3.634739303588867e+01, 3.514491653442383e+01, 3.351544189453125e+01, 3.269583511352539e+01, 3.258300399780273e+01, 2.915007781982422e+01, 1.704691886901845e+01, 6.202830791473435e+00, 2.992892026901271e+00, 1.24874122440815e-01, -3.557993650436401e+00, -6.960707664489746e+00, -8.710975646972656e+00, -1.039188575744629e+01, -9.084677696228027e+00, -1.075540637969971e+01, -1.550551891326904e+01, -1.264217090606689e+01, -1.200610160827637e+01, -1.223217868804932e+01, -1.345861911773682e+01, -1.534705543518066e+01, -1.546481132507324e+01, -1.472112369537354e+01, -1.076632118225098e+01, -2.806066274642944e+00, 2.561019659042358e+00, 6.763368129730225e+00, 3.958120942115784e-09, 1.455191522836685e-09, -2.968590706586838e-09, -2.169690560549498e-08, -2.056185621768236e-08, 9.458744898438454e-09, 4.853063728660345e-08, 7.508788257837296e-09, 4.933099262416363e-09, -3.399327397346497e-08, -2.997694537043571e-09]
fanSupCol.dp=[0e+00, 2.182787284255028e-10, -2.764863893389702e-10, 3.114109858870506e-09, 3.055902197957039e-09, 6.170012056827545e-09, 3.288732841610909e-09, -1.542503014206886e-09, -1.877197064459324e-09, -2.473825588822365e-09, -1.309672370553017e-10, 3.37604433298111e-09, -4.420367813110352e+01, -4.572662353515625e+01, -4.589233016967773e+01, -4.593318939208984e+01, -4.580021667480469e+01, -4.448418807983398e+01, -4.037288665771484e+01, -3.662967681884766e+01, -3.545379257202148e+01, -3.447701263427734e+01, -3.345949554443359e+01, -3.244281005859375e+01, -3.142321968078613e+01, -3.05588493347168e+01, -3.074382400512695e+01, -3.042160034179688e+01, -2.854116821289062e+01, -2.797090530395508e+01, -2.774151229858398e+01, -2.763825607299805e+01, -2.761279678344727e+01, -2.763803482055664e+01, -2.765245628356934e+01, -2.761239624023438e+01, -2.819573593139648e+01, -3.004725646972656e+01, -3.207619476318359e+01, -3.441239547729492e+01, -1.526495907455683e-08, 4.612957127392292e-09, 1.878652255982161e-08, 4.147295840084553e-09, -8.585629984736443e-10, -1.353328116238117e-08, -6.155460141599178e-09, -6.883055903017521e-09, -3.346940502524376e-10, 2.663000486791134e-09, 1.120497472584248e-09, 5.73345459997654e-09, 1.105945557355881e-09, -1.414446160197258e-08, 2.502929419279099e-09, -4.220055416226466e-09, 1.469743438065203e-09, 1.733133103698542e-08, 6.693881005048752e-10, -1.858279574662447e-08, -4.029425326734781e-08, 1.274747774004936e-08, -4.023603057861328e+01, -3.984809112548828e+01, -3.934828948974609e+01, -3.910420227050781e+01, -3.906980895996094e+01, -3.807493209838867e+01, -3.485247039794919e+01, -3.220165634155275e+01, -3.144990348815919e+01, -3.079017639160156e+01, -2.995750617980957e+01, -2.919973373413086e+01, -2.881482696533203e+01, -2.844039726257324e+01, -2.872394752502441e+01, -2.833913803100586e+01, -2.722591400146484e+01, -2.78198413848877e+01, -2.797319412231445e+01, -2.79332332611084e+01, -2.765999603271484e+01, -2.721257781982422e+01, -2.712734031677246e+01, -2.719530487060547e+01, -2.80705394744873e+01, -3.002853202819824e+01, -3.13357048034668e+01, -3.234738540649414e+01, 3.245077095925808e-09, 1.164153218269348e-09, -2.415617927908897e-09, -1.786975190043449e-08, -1.696753315627575e-08, 7.814378477632999e-09, 3.998866304755211e-08, 6.184563972055912e-09, 4.089088179171085e-09, -2.801243681460619e-08, -2.459273673593998e-09]
fanRet.dp=[0e+00, -1.193257048726082e-09, -1.353328116238117e-09, -3.201421350240707e-10, -1.746229827404022e-10, 9.167706593871117e-10, 3.783497959375381e-10, -9.604264050722122e-10, -1.120497472584248e-09, -1.382431946694851e-09, -8.731149137020111e-10, 2.037268131971359e-10, -1.61177001953125e+02, -1.618749237060547e+02, -1.619559936523438e+02, -1.619775695800781e+02, -1.619102478027344e+02, -1.613034515380859e+02, -1.591242370605469e+02, -1.568666381835938e+02, -1.561690368652344e+02, -1.555691528320312e+02, -1.549439544677734e+02, -1.5431298828125e+02, -1.536642761230469e+02, -1.531128082275391e+02, -1.532225799560547e+02, -1.530103912353516e+02, -1.518191223144531e+02, -1.514588623046875e+02, -1.513052825927734e+02, -1.512289581298828e+02, -1.511982574462891e+02, -1.512026977539062e+02, -1.512106170654297e+02, -1.511823577880859e+02, -1.515480041503906e+02, -1.527142944335938e+02, -1.539946594238281e+02, -1.554692077636719e+02, -5.064066499471664e-09, 4.365574568510056e-11, 4.511093720793724e-09, 1.06228981167078e-09, -2.328306436538696e-10, -3.987224772572517e-09, -2.619344741106033e-09, -3.055902197957039e-09, -1.455191522836685e-09, -5.093170329928398e-10, -8.149072527885437e-10, 6.111804395914078e-10, -4.220055416226387e-10, -5.093170329928398e-09, -6.257323548197746e-10, -2.357410266995453e-09, -9.895302355289037e-10, 3.972672857344278e-09, -3.201421350240707e-10, -5.704350769519806e-09, -1.319858711212873e-08, 1.746229827404022e-09, -1.59055419921875e+02, -1.588224792480469e+02, -1.585213623046875e+02, -1.583719635009766e+02, -1.583512725830078e+02, -1.577539672851562e+02, -1.557757873535156e+02, -1.541228332519531e+02, -1.536476593017578e+02, -1.532308197021484e+02, -1.527071075439453e+02, -1.5223193359375e+02, -1.519755706787109e+02, -1.517285003662109e+02, -1.519010314941406e+02, -1.516652526855469e+02, -1.510106048583984e+02, -1.514088897705078e+02, -1.514903106689453e+02, -1.514546966552734e+02, -1.512940521240234e+02, -1.510527954101562e+02, -1.510581359863281e+02, -1.512491607666016e+02, -1.517773284912109e+02, -1.527910919189453e+02, -1.535648651123047e+02, -1.541925048828125e+02, -2.619344741106033e-10, -7.130438461899757e-10, -1.731677912175655e-09, -6.300979293882847e-09, -6.970367394387722e-09, -5.529727786779404e-10, 9.182258509099483e-09, 1.586158759891987e-09, 1.076841726899147e-09, -7.814378477632999e-09, -1.309672370553017e-09]
flo.sou.air.vol.T=[2.931499938964844e+02, 2.923798828125e+02, 2.922748107910156e+02, 2.921941833496094e+02, 2.920628356933594e+02, 2.919628601074219e+02, 2.919013671875e+02, 2.918099060058594e+02, 2.916755981445312e+02, 2.915844116210938e+02, 2.915899353027344e+02, 2.914962768554688e+02, 2.917961120605469e+02, 2.917736206054688e+02, 2.917481384277344e+02, 2.917305603027344e+02, 2.917545776367188e+02, 2.918924865722656e+02, 2.921970520019531e+02, 2.925427856445312e+02, 2.927833557128906e+02, 2.930657653808594e+02, 2.933638000488281e+02, 2.934897155761719e+02, 2.935413513183594e+02, 2.935702514648438e+02, 2.935648803710938e+02, 2.9356689453125e+02, 2.936063232421875e+02, 2.936214599609375e+02, 2.936264038085938e+02, 2.936246337890625e+02, 2.93618896484375e+02, 2.936110229492188e+02, 2.936050109863281e+02, 2.936019897460938e+02, 2.935800170898438e+02, 2.935310974121094e+02, 2.934789733886719e+02, 2.934043579101562e+02, 2.932340087890625e+02, 2.93065185546875e+02, 2.930677185058594e+02, 2.932566223144531e+02, 2.932455139160156e+02, 2.931443481445312e+02, 2.928260192871094e+02, 2.927292175292969e+02, 2.926420593261719e+02, 2.925822143554688e+02, 2.925299682617188e+02, 2.924848937988281e+02, 2.924435119628906e+02, 2.923302307128906e+02, 2.922413940429688e+02, 2.921985473632812e+02, 2.921516418457031e+02, 2.92158935546875e+02, 2.922463684082031e+02, 2.921965026855469e+02, 2.919567260742188e+02, 2.919368286132812e+02, 2.926659851074219e+02, 2.926862182617188e+02, 2.927129211425781e+02, 2.927276611328125e+02, 2.927182922363281e+02, 2.927668151855469e+02, 2.929810485839844e+02, 2.932322692871094e+02, 2.933375244140625e+02, 2.934014892578125e+02, 2.9345361328125e+02, 2.934889831542969e+02, 2.935091552734375e+02, 2.935281372070312e+02, 2.935259094238281e+02, 2.935404663085938e+02, 2.935727233886719e+02, 2.935430603027344e+02, 2.935336608886719e+02, 2.935330200195312e+02, 2.935423583984375e+02, 2.935606689453125e+02, 2.935610046386719e+02, 2.93532470703125e+02, 2.934924621582031e+02, 2.934265747070312e+02, 2.933309020996094e+02, 2.932352294921875e+02, 2.928138122558594e+02, 2.926903686523438e+02, 2.926289672851562e+02, 2.925951538085938e+02, 2.926049499511719e+02, 2.927127380371094e+02, 2.927852783203125e+02, 2.927727661132812e+02, 2.927685852050781e+02, 2.926967468261719e+02, 2.926481018066406e+02]
flo.eas.air.vol.T=[2.931499938964844e+02, 2.924093627929688e+02, 2.923101501464844e+02, 2.922388305664062e+02, 2.921716003417969e+02, 2.921046752929688e+02, 2.920499877929688e+02, 2.919904479980469e+02, 2.9191748046875e+02, 2.918472595214844e+02, 2.917955322265625e+02, 2.917440795898438e+02, 2.922373962402344e+02, 2.922296752929688e+02, 2.922171325683594e+02, 2.921995239257812e+02, 2.922199096679688e+02, 2.923622131347656e+02, 2.92634033203125e+02, 2.929338073730469e+02, 2.931669616699219e+02, 2.933440246582031e+02, 2.934578552246094e+02, 2.934631652832031e+02, 2.934720458984375e+02, 2.934896240234375e+02, 2.934835815429688e+02, 2.934916381835938e+02, 2.935412902832031e+02, 2.935552978515625e+02, 2.935588989257812e+02, 2.935599365234375e+02, 2.935598754882812e+02, 2.935595092773438e+02, 2.9355859375e+02, 2.93560302734375e+02, 2.935401306152344e+02, 2.934830932617188e+02, 2.934068908691406e+02, 2.932682495117188e+02, 2.930486755371094e+02, 2.929297485351562e+02, 2.928179931640625e+02, 2.928371887207031e+02, 2.928678588867188e+02, 2.927304992675781e+02, 2.927349243164062e+02, 2.926888122558594e+02, 2.926402587890625e+02, 2.925971984863281e+02, 2.925583801269531e+02, 2.925135192871094e+02, 2.924595031738281e+02, 2.924156799316406e+02, 2.923815612792969e+02, 2.923481750488281e+02, 2.923089599609375e+02, 2.922577819824219e+02, 2.92127197265625e+02, 2.921176147460938e+02, 2.922201843261719e+02, 2.921829833984375e+02, 2.928244018554688e+02, 2.928406982421875e+02, 2.928616943359375e+02, 2.928730773925781e+02, 2.928695373535156e+02, 2.929181518554688e+02, 2.931156311035156e+02, 2.933423461914062e+02, 2.934100341796875e+02, 2.934468383789062e+02, 2.934863891601562e+02, 2.935160827636719e+02, 2.935277709960938e+02, 2.935387573242188e+02, 2.935320434570312e+02, 2.935456848144531e+02, 2.935785827636719e+02, 2.935547790527344e+02, 2.935462951660156e+02, 2.93545654296875e+02, 2.935542297363281e+02, 2.935693359375e+02, 2.935685424804688e+02, 2.935739440917969e+02, 2.935409545898438e+02, 2.934664306640625e+02, 2.934076538085938e+02, 2.93352783203125e+02, 2.928596496582031e+02, 2.927675170898438e+02, 2.927446594238281e+02, 2.926495971679688e+02, 2.925703430175781e+02, 2.925572509765625e+02, 2.925997314453125e+02, 2.927586059570312e+02, 2.928031616210938e+02, 2.927561340332031e+02, 2.926942443847656e+02]
flo.nor.air.vol.T=[2.931499938964844e+02, 2.923794860839844e+02, 2.922746276855469e+02, 2.921982116699219e+02, 2.921273803710938e+02, 2.920556945800781e+02, 2.9199560546875e+02, 2.919317932128906e+02, 2.918553161621094e+02, 2.917819519042969e+02, 2.917271118164062e+02, 2.916715087890625e+02, 2.923912963867188e+02, 2.92400146484375e+02, 2.923896179199219e+02, 2.92379638671875e+02, 2.923876342773438e+02, 2.924400329589844e+02, 2.925986328125e+02, 2.928043212890625e+02, 2.92937255859375e+02, 2.93073486328125e+02, 2.931767578125e+02, 2.932888488769531e+02, 2.934023742675781e+02, 2.934485473632812e+02, 2.9345703125e+02, 2.934771728515625e+02, 2.935301818847656e+02, 2.93546875e+02, 2.9355224609375e+02, 2.935555419921875e+02, 2.935571594238281e+02, 2.935577087402344e+02, 2.935586853027344e+02, 2.935613403320312e+02, 2.935462951660156e+02, 2.935053405761719e+02, 2.934623107910156e+02, 2.934093933105469e+02, 2.928454284667969e+02, 2.927031555175781e+02, 2.926575012207031e+02, 2.926195983886719e+02, 2.926394958496094e+02, 2.925763244628906e+02, 2.925198059082031e+02, 2.9247119140625e+02, 2.9242041015625e+02, 2.923770751953125e+02, 2.92338623046875e+02, 2.922951965332031e+02, 2.922426452636719e+02, 2.921982421875e+02, 2.921632995605469e+02, 2.921302490234375e+02, 2.92093017578125e+02, 2.920635070800781e+02, 2.92043212890625e+02, 2.9202587890625e+02, 2.919990844726562e+02, 2.919768981933594e+02, 2.92961181640625e+02, 2.930029296875e+02, 2.930407409667969e+02, 2.930675964355469e+02, 2.930749816894531e+02, 2.931347045898438e+02, 2.933390197753906e+02, 2.934562072753906e+02, 2.934837036132812e+02, 2.935036926269531e+02, 2.935265502929688e+02, 2.935462646484375e+02, 2.935624389648438e+02, 2.935850524902344e+02, 2.935892639160156e+02, 2.936147155761719e+02, 2.936743469238281e+02, 2.936581115722656e+02, 2.936460876464844e+02, 2.936419067382812e+02, 2.936524963378906e+02, 2.936798095703125e+02, 2.936991271972656e+02, 2.937048034667969e+02, 2.936714477539062e+02, 2.935881652832031e+02, 2.935235290527344e+02, 2.93489013671875e+02, 2.930041809082031e+02, 2.928734436035156e+02, 2.928265991210938e+02, 2.92786376953125e+02, 2.927515258789062e+02, 2.927325744628906e+02, 2.927279968261719e+02, 2.926587829589844e+02, 2.927162475585938e+02, 2.926725463867188e+02, 2.924352111816406e+02]
flo.wes.air.vol.T=[2.931499938964844e+02, 2.920982360839844e+02, 2.919955444335938e+02, 2.919287414550781e+02, 2.918799438476562e+02, 2.918489685058594e+02, 2.918504028320312e+02, 2.917945556640625e+02, 2.917099609375e+02, 2.916209106445312e+02, 2.915430603027344e+02, 2.915169067382812e+02, 2.923617553710938e+02, 2.923680419921875e+02, 2.923660888671875e+02, 2.923672790527344e+02, 2.923726196289062e+02, 2.92419189453125e+02, 2.925641479492188e+02, 2.927439575195312e+02, 2.928338928222656e+02, 2.929139709472656e+02, 2.930152893066406e+02, 2.931240844726562e+02, 2.932275390625e+02, 2.933251342773438e+02, 2.933514099121094e+02, 2.934062194824219e+02, 2.934994506835938e+02, 2.935284729003906e+02, 2.93544189453125e+02, 2.935536499023438e+02, 2.935587768554688e+02, 2.935601501464844e+02, 2.935603637695312e+02, 2.935614318847656e+02, 2.935436706542969e+02, 2.934945068359375e+02, 2.934374694824219e+02, 2.933553161621094e+02, 2.929534301757812e+02, 2.928289489746094e+02, 2.927845458984375e+02, 2.927617492675781e+02, 2.927664794921875e+02, 2.927154846191406e+02, 2.926526794433594e+02, 2.926045837402344e+02, 2.92553955078125e+02, 2.9251123046875e+02, 2.924733276367188e+02, 2.924324951171875e+02, 2.923842468261719e+02, 2.92340087890625e+02, 2.922947998046875e+02, 2.922663269042969e+02, 2.92236572265625e+02, 2.922103271484375e+02, 2.921873168945312e+02, 2.921697998046875e+02, 2.921440124511719e+02, 2.921128234863281e+02, 2.928949890136719e+02, 2.929253845214844e+02, 2.929576110839844e+02, 2.929797668457031e+02, 2.929848022460938e+02, 2.930392761230469e+02, 2.932385559082031e+02, 2.934222106933594e+02, 2.93465576171875e+02, 2.934917297363281e+02, 2.935174255371094e+02, 2.935372924804688e+02, 2.935489501953125e+02, 2.935600891113281e+02, 2.935543212890625e+02, 2.935668334960938e+02, 2.936060791015625e+02, 2.935858459472656e+02, 2.935746459960938e+02, 2.935745544433594e+02, 2.935830688476562e+02, 2.936028442382812e+02, 2.936181030273438e+02, 2.936558227539062e+02, 2.936430358886719e+02, 2.935296630859375e+02, 2.934862670898438e+02, 2.9346533203125e+02, 2.9308349609375e+02, 2.929716491699219e+02, 2.92927001953125e+02, 2.928856201171875e+02, 2.92849609375e+02, 2.928321533203125e+02, 2.928289184570312e+02, 2.928170471191406e+02, 2.92813720703125e+02, 2.927800598144531e+02, 2.925899963378906e+02]
flo.cor.air.vol.T=[2.931499938964844e+02, 2.928847045898438e+02, 2.928187866210938e+02, 2.927739868164062e+02, 2.927293395996094e+02, 2.926871337890625e+02, 2.926578979492188e+02, 2.926188354492188e+02, 2.925638427734375e+02, 2.925114440917969e+02, 2.924780883789062e+02, 2.924402465820312e+02, 2.935040893554688e+02, 2.934713745117188e+02, 2.93466796875e+02, 2.934656372070312e+02, 2.934696350097656e+02, 2.935021667480469e+02, 2.935743408203125e+02, 2.936533203125e+02, 2.936894226074219e+02, 2.937249450683594e+02, 2.937615356445312e+02, 2.937989807128906e+02, 2.938463134765625e+02, 2.938916015625e+02, 2.938662414550781e+02, 2.938870239257812e+02, 2.940375366210938e+02, 2.940806274414062e+02, 2.941043701171875e+02, 2.941216125488281e+02, 2.941343383789062e+02, 2.941433715820312e+02, 2.941519165039062e+02, 2.941629333496094e+02, 2.941077575683594e+02, 2.939455871582031e+02, 2.937977294921875e+02, 2.937101135253906e+02, 2.936671447753906e+02, 2.935527648925781e+02, 2.935118713378906e+02, 2.9349951171875e+02, 2.934995422363281e+02, 2.934579467773438e+02, 2.934008483886719e+02, 2.933614196777344e+02, 2.933208618164062e+02, 2.932852478027344e+02, 2.932528381347656e+02, 2.932217407226562e+02, 2.931883239746094e+02, 2.931487426757812e+02, 2.931119079589844e+02, 2.930831604003906e+02, 2.930542907714844e+02, 2.930309448242188e+02, 2.930099182128906e+02, 2.929895935058594e+02, 2.929548645019531e+02, 2.9292822265625e+02, 2.935753784179688e+02, 2.935825500488281e+02, 2.93591552734375e+02, 2.935960388183594e+02, 2.935966796875e+02, 2.936182861328125e+02, 2.937109985351562e+02, 2.938598327636719e+02, 2.939068603515625e+02, 2.939443664550781e+02, 2.939896240234375e+02, 2.940331420898438e+02, 2.940561218261719e+02, 2.94081298828125e+02, 2.9403955078125e+02, 2.940642395019531e+02, 2.942029724121094e+02, 2.941671752929688e+02, 2.941658020019531e+02, 2.941777954101562e+02, 2.942048034667969e+02, 2.942468566894531e+02, 2.942588806152344e+02, 2.94253173828125e+02, 2.941690368652344e+02, 2.939988403320312e+02, 2.93880859375e+02, 2.937843017578125e+02, 2.937575988769531e+02, 2.936552124023438e+02, 2.936160278320312e+02, 2.935754699707031e+02, 2.935426330566406e+02, 2.935352783203125e+02, 2.935400390625e+02, 2.935380554199219e+02, 2.93541748046875e+02, 2.935133666992188e+02, 2.934353332519531e+02]
cor.vavHot.m_flow=[2.0448442409709e-18, -3.55477772868637e-13, -2.651242940465703e-13, -1.550554281325167e-12, -1.637973394072456e-12, -2.499644154857483e-12, -1.44638175134798e-12, 3.284019920151571e-14, 1.726461990947739e-13, 2.881696888491075e-13, -6.391753445966764e-13, -1.445878681539947e-12, 6.299450993537903e-01, 6.441383957862854e-01, 6.457406282424927e-01, 6.461474895477295e-01, 6.449148654937744e-01, 6.328906416893004e-01, 6.040031909942627e-01, 5.85993766784668e-01, 5.809090733528137e-01, 5.767754912376404e-01, 5.72614848613739e-01, 5.685221552848816e-01, 5.643752217292786e-01, 5.608393549919128e-01, 5.617125630378723e-01, 5.60351550579071e-01, 5.52103579044342e-01, 5.495590567588806e-01, 5.484195947647095e-01, 5.477908253669739e-01, 5.474830269813538e-01, 5.474047064781189e-01, 5.47308623790741e-01, 5.469833016395569e-01, 5.498147010803223e-01, 5.583178997039795e-01, 5.66994845867157e-01, 5.764855742454529e-01, 5.038645282257059e-12, -7.949434296591895e-13, -5.749322892767417e-12, -1.139483364435978e-12, 2.577321765295099e-13, 3.696679681114423e-12, 2.225808946876295e-12, 2.630084735069649e-12, 6.961508734922017e-13, -1.212020121852536e-13, 3.31499937092708e-13, -1.173628143454064e-12, 4.119134097398461e-14, 4.781058361713608e-12, -1.383930134119665e-13, 1.92205539678583e-12, 2.219432997844919e-13, -4.93562829495545e-12, -8.011556370569883e-13, 5.178445346143423e-12, 1.305560260594918e-11, -3.087385598912751e-12, 6.029201149940491e-01, 6.009249091148376e-01, 5.984044671058655e-01, 5.971952080726624e-01, 5.970321297645569e-01, 5.922378897666931e-01, 5.780981183052062e-01, 5.668896436691284e-01, 5.637123584747314e-01, 5.609581470489502e-01, 5.575014352798462e-01, 5.543224811553955e-01, 5.526808500289917e-01, 5.510513782501221e-01, 5.5260169506073e-01, 5.509909391403198e-01, 5.451405048370361e-01, 5.478442311286926e-01, 5.483567118644714e-01, 5.479916930198669e-01, 5.465933680534363e-01, 5.443434119224548e-01, 5.439336895942688e-01, 5.445573329925537e-01, 5.490898489952087e-01, 5.578520894050598e-01, 5.635830760002136e-01, 5.68036675453186e-01, -2.064935245363331e-12, -1.26725127787275e-12, -4.982876294196657e-14, 4.052582922020598e-12, 3.48265600386144e-12, -3.654228829252926e-12, -1.249365107897082e-11, -1.552233059969044e-12, -1.28999610472802e-12, 8.444750974889725e-12, 2.138812998236927e-12]
sou.vavHot.m_flow=[-0e+00, 2.998483839694588e-12, 2.450242266027747e-12, -5.283339412666399e-13, -3.004950888813029e-12, -4.141850924732626e-12, -3.609402490431513e-12, -3.844799912472443e-12, -5.726223748642179e-12, -5.936699482705921e-12, -4.284106056018366e-12, -6.495646902304753e-12, 3.548563122749329e-01, 3.627460896968842e-01, 3.636346459388733e-01, 3.638602793216705e-01, 3.631773293018341e-01, 3.564982116222381e-01, 3.404510617256165e-01, 3.305803537368774e-01, 3.278523683547974e-01, 3.25670063495636e-01, 3.231222927570343e-01, 3.206842839717865e-01, 3.184457123279572e-01, 3.166230916976929e-01, 3.169861137866974e-01, 3.163339495658875e-01, 3.12595933675766e-01, 3.11474472284317e-01, 3.110315203666687e-01, 3.108474910259247e-01, 3.108198046684265e-01, 3.108948469161987e-01, 3.109493851661682e-01, 3.108909428119659e-01, 3.120363056659698e-01, 3.156863451004028e-01, 3.198618292808533e-01, 3.249862194061279e-01, -6.743126890196294e-12, -1.185552524207711e-11, -1.055541071215416e-11, -2.855222839843324e-13, 1.424834100531569e-13, 1.14586725524779e-12, -9.317179840151457e-12, -9.792528767038622e-12, -1.123486893794823e-11, -1.142384450925071e-11, -1.091615426523918e-11, -1.043839580744388e-11, -8.153160438451046e-12, -8.494746572829115e-12, -1.300265537601542e-11, -1.124366485333315e-11, -1.179640413129237e-11, -1.183011501260113e-11, -4.098014462494692e-12, -3.284863700492302e-12, -8.918946310665365e-12, -1.641441149669021e-11, 3.398492038249969e-01, 3.387473523616791e-01, 3.373574018478394e-01, 3.366914689540863e-01, 3.366017937660217e-01, 3.33969920873642e-01, 3.263536095619201e-01, 3.206387758255005e-01, 3.189345300197601e-01, 3.17484974861145e-01, 3.157244622707367e-01, 3.141738176345825e-01, 3.133834600448608e-01, 3.126323819160461e-01, 3.131634891033173e-01, 3.124262094497681e-01, 3.104524314403534e-01, 3.116774260997772e-01, 3.119672536849976e-01, 3.118866086006165e-01, 3.113713264465332e-01, 3.105729818344116e-01, 3.10527116060257e-01, 3.109127581119537e-01, 3.126263022422791e-01, 3.161214590072632e-01, 3.187359571456909e-01, 3.208948075771332e-01, -1.225655167635953e-11, -1.260234885197553e-11, -1.272891948095323e-11, -9.782565382754349e-12, -7.325020798254478e-12, -4.356238026553827e-12, -2.887042167831755e-12, 6.448440414454082e-13, -8.816679482846757e-13, 2.112258935468847e-12, 5.823512245345386e-12]
eas.vavHot.m_flow=[0e+00, 1.468552818413571e-12, 1.552716939398624e-12, 9.435275911268137e-13, 1.311057707710506e-12, 1.036050151920209e-12, 1.319217196420197e-12, 2.501938109814029e-12, 3.714629732282093e-12, 3.947695035450005e-12, 2.37909800367142e-12, 3.067169998885455e-12, 2.526862323284149e-01, 2.583044767379761e-01, 2.589372098445892e-01, 2.590978741645813e-01, 2.586115300655365e-01, 2.538554072380065e-01, 2.424279451370239e-01, 2.353984862565994e-01, 2.334476709365845e-01, 2.316589057445526e-01, 2.299134880304337e-01, 2.283916473388672e-01, 2.268905788660049e-01, 2.25625142455101e-01, 2.258843183517456e-01, 2.254094481468201e-01, 2.227373570203781e-01, 2.219455242156982e-01, 2.216347008943558e-01, 2.214972674846649e-01, 2.214636355638504e-01, 2.214986681938171e-01, 2.215248942375183e-01, 2.214723378419876e-01, 2.222802937030792e-01, 2.248881012201309e-01, 2.27894201874733e-01, 2.316173017024994e-01, 3.553645442147535e-12, 1.769918413219163e-12, -4.238179685672749e-12, -6.799420510135434e-13, 1.152528728920812e-13, -6.277785908302691e-13, 1.109583236923173e-12, 3.018638290719355e-12, 3.56811151805414e-12, 4.263059089765209e-12, 5.014845309847527e-12, 2.662604728712048e-12, 9.618539688685535e-13, 5.269786777090113e-12, 6.435641949908977e-12, 7.097383444842891e-12, 4.151682036351807e-12, -2.425415771001318e-12, -3.2127861569059e-12, -4.102856563607121e-13, 8.886121005691194e-12, 6.2270353803906e-12, 2.419993579387665e-01, 2.412146776914597e-01, 2.402248084545135e-01, 2.39750549197197e-01, 2.396866828203201e-01, 2.378123849630356e-01, 2.3239266872406e-01, 2.281778305768967e-01, 2.269951701164246e-01, 2.25997731089592e-01, 2.247599214315414e-01, 2.236627638339996e-01, 2.231176644563675e-01, 2.226043492555618e-01, 2.229968458414078e-01, 2.224830389022827e-01, 2.211082875728607e-01, 2.219744324684143e-01, 2.221699208021164e-01, 2.221069782972336e-01, 2.217426300048828e-01, 2.211959213018417e-01, 2.211894541978836e-01, 2.214166671037674e-01, 2.22624734044075e-01, 2.250783741474152e-01, 2.268606275320053e-01, 2.283499538898468e-01, -6.252506325188367e-12, -5.334256474032184e-12, -4.478862159623676e-12, -4.534614871098963e-12, -6.087515474345606e-12, -8.880811017131229e-12, -1.107434716846045e-11, -1.357325601740456e-12, -5.229006247095547e-13, 3.602549682180101e-12, 5.761325878178569e-12]
nor.vavHot.m_flow=[0e+00, 2.186883486798852e-12, 3.023468845078647e-12, 5.018740631412832e-12, 6.889608241550382e-12, 5.593286684507648e-12, 4.77150697425488e-12, 6.391611632322603e-12, 7.465868201439463e-12, 8.40434319360206e-12, 8.128739868717982e-12, 6.705505942172785e-12, 4.876929819583893e-01, 4.985358417034149e-01, 4.997570216655731e-01, 5.000671148300171e-01, 4.99128520488739e-01, 4.89949494600296e-01, 4.678941667079926e-01, 4.543266892433167e-01, 4.505771696567535e-01, 4.47581022977829e-01, 4.445339441299438e-01, 4.413476884365082e-01, 4.381454586982727e-01, 4.356103241443634e-01, 4.360580146312714e-01, 4.350990653038025e-01, 4.299336969852448e-01, 4.283951222896576e-01, 4.277884066104889e-01, 4.275137186050415e-01, 4.274416565895081e-01, 4.275053441524506e-01, 4.275477826595306e-01, 4.274418950080872e-01, 4.289807677268982e-01, 4.339548945426941e-01, 4.396518468856812e-01, 4.466171264648438e-01, 6.52544251272813e-12, 2.468056141402553e-12, 3.607044947017551e-13, -1.756982797099238e-12, 1.459414457772451e-13, 5.792395209314183e-12, 5.072478461570773e-12, 5.090435885313216e-12, 4.220455148556956e-12, 3.022390931278762e-12, 3.253247714621321e-12, 1.719176016823365e-12, 2.280971201848447e-12, 7.325558562532031e-12, 4.884517703501734e-12, 5.542523471430141e-12, 3.743918369769582e-12, -6.096768055686845e-13, 5.515902838648667e-12, 1.006899251476678e-11, 1.410691181924495e-11, 3.274219437243708e-12, 4.670669436454773e-01, 4.655524492263794e-01, 4.636419415473938e-01, 4.627265930175781e-01, 4.626033306121826e-01, 4.589856863021851e-01, 4.480670392513274e-01, 4.400158822536469e-01, 4.378438889980316e-01, 4.359678626060486e-01, 4.336317479610443e-01, 4.315344989299774e-01, 4.301550686359406e-01, 4.283905029296875e-01, 4.285168051719666e-01, 4.262416660785675e-01, 4.194694757461548e-01, 4.203386306762695e-01, 4.217493236064911e-01, 4.223677814006805e-01, 4.214625656604767e-01, 4.184541702270508e-01, 4.157448709011078e-01, 4.14224237203598e-01, 4.177926778793335e-01, 4.286341369152069e-01, 4.362023770809174e-01, 4.402605891227722e-01, 1.188558106102189e-11, 1.156366061932923e-11, 1.207659579977038e-11, 1.875253077820993e-11, 1.981547911866777e-11, 9.265307271411061e-12, -7.402252422128441e-12, -4.268529540246702e-12, -3.403619617051157e-13, 7.607975881229745e-12, -9.129848786704198e-12]
wes.vavHot.m_flow=[0e+00, -5.896961738360851e-12, -5.875238229952062e-12, -6.291381044604138e-12, -5.971729621218058e-12, -5.567210754897634e-12, -3.943539939044172e-12, -3.351047954749942e-12, -3.577837678903073e-12, -4.002129790764419e-12, -5.06857750215417e-12, -4.714145740436493e-12, 2.873807549476624e-01, 2.936901152133942e-01, 2.944009900093079e-01, 2.945815324783325e-01, 2.940351366996765e-01, 2.886934578418731e-01, 2.758705615997314e-01, 2.679898142814636e-01, 2.658126950263977e-01, 2.640731930732727e-01, 2.623357772827148e-01, 2.606438100337982e-01, 2.588801980018616e-01, 2.57346898317337e-01, 2.575776278972626e-01, 2.569587528705597e-01, 2.538772523403168e-01, 2.529538869857788e-01, 2.525745332241058e-01, 2.523982524871826e-01, 2.523465752601624e-01, 2.523811161518097e-01, 2.524076700210571e-01, 2.523503303527832e-01, 2.53251701593399e-01, 2.561614513397217e-01, 2.595007121562958e-01, 2.636005282402039e-01, 6.662649598698778e-12, 4.559981298807303e-12, 2.544252569042227e-12, -5.248579010102249e-14, 1.373658402737538e-13, 3.092567001095059e-12, 7.207276876003421e-12, 6.17420697901494e-12, 3.736672429810461e-12, 2.336669269534242e-12, 1.778755745127092e-12, 2.199442667924489e-12, 4.138883246546099e-12, 5.217915943073193e-12, 7.028762066731836e-14, 1.259191427342746e-12, 2.95539591063654e-12, 3.550985460537485e-12, 2.209594920227209e-12, 6.553952693055809e-12, 1.246686781586348e-11, -1.362823916217781e-12, 2.753898501396179e-01, 2.745099365711212e-01, 2.734000384807587e-01, 2.728683054447174e-01, 2.727967202663422e-01, 2.706954777240753e-01, 2.645102441310882e-01, 2.597333490848541e-01, 2.584374248981476e-01, 2.573331296443939e-01, 2.559691369533539e-01, 2.547587156295776e-01, 2.541500329971313e-01, 2.535815238952637e-01, 2.54027396440506e-01, 2.53467321395874e-01, 2.516928613185883e-01, 2.527505159378052e-01, 2.531428039073944e-01, 2.530622184276581e-01, 2.526553273200989e-01, 2.519195675849915e-01, 2.515149116516113e-01, 2.506146430969238e-01, 2.508773505687714e-01, 2.560069262981415e-01, 2.582515478134155e-01, 2.598522305488586e-01, 6.117259476745573e-12, 6.983974162877438e-12, 8.020209496528707e-12, 9.274018185345678e-12, 7.425036280261921e-12, 1.446122843869191e-12, -3.552358927849664e-12, 6.662318808615952e-13, -8.381806533563907e-13, 5.092890085350854e-12, -1.938732160922108e-12]
cor.vavCol.m_flow=[6.816127479704864e-18, -1.185341646885163e-12, -8.831259291561255e-13, -5.175045721811378e-12, -5.466270231596626e-12, -8.345248103669434e-12, -4.828238503451487e-12, 1.127214708834987e-13, 5.793735716880244e-13, 9.657794312542545e-13, -2.130304179587261e-12, -4.826699370047427e-12, 2.708670794963837e-01, 1.621745973825455e-01, 1.503442078828812e-01, 1.47426038980484e-01, 1.569237560033798e-01, 2.509064376354223e-01, 5.444076657295227e-01, 8.113353848457336e-01, 8.954825401306152e-01, 9.623746871948242e-01, 1.004509925842285e+00, 1.019295334815979e+00, 1.015738248825073e+00, 1.009388566017151e+00, 9.978039264678955e-01, 9.975966811180115e-01, 9.979822635650634e-01, 9.865484237670898e-01, 9.848619103431702e-01, 9.881135821342468e-01, 9.944673776626587e-01, 1.002610802650452e+00, 1.009692311286926e+00, 1.013666987419128e+00, 1.025039076805115e+00, 1.026370048522949e+00, 1.002893090248108e+00, 9.251648187637329e-01, 1.682768334398954e-11, -2.659582406736027e-12, -1.920392664334081e-11, -3.806962124014435e-12, 8.608709448423846e-13, 1.23508460403432e-11, 7.432264005624578e-12, 8.781412229319496e-12, 2.321252782003236e-12, -4.095398336862593e-13, 1.102626778944071e-12, -3.924179124009664e-12, 1.349155975740451e-13, 1.596665508141193e-11, -4.665311106183401e-13, 6.41567094589188e-12, 7.367474143779377e-13, -1.648873051984848e-11, -2.671890703478952e-12, 1.730076151784665e-11, 4.360367622524564e-11, -1.031815865387697e-11, 5.541570782661438e-01, 5.818601846694946e-01, 6.175339818000793e-01, 6.34954035282135e-01, 6.374074816703796e-01, 7.084011435508728e-01, 9.333999156951921e-01, 1.064106822013855e+00, 1.069030165672302e+00, 1.065864562988281e+00, 1.054180264472961e+00, 1.040000915527344e+00, 1.030754208564758e+00, 1.022321701049805e+00, 1.01204514503479e+00, 1.003209114074707e+00, 1.012582182884216e+00, 1.041906833648682e+00, 1.052520990371704e+00, 1.056937575340271e+00, 1.052161693572998e+00, 1.041748762130737e+00, 1.045606374740601e+00, 1.054456830024719e+00, 1.075179696083069e+00, 1.073144316673279e+00, 1.042827725410461e+00, 9.966315031051636e-01, -6.890040187695901e-12, -4.226720969752185e-12, -1.609448387280069e-13, 1.354629429461962e-11, 1.164456291807836e-11, -1.219719637790551e-11, -4.172978282368511e-11, -5.187167102099766e-12, -4.308566090710508e-12, 2.820821874693902e-11, 7.134553798443521e-12]
sou.vavCol.m_flow=[-0e+00, 9.994694308290697e-12, 8.167807576120456e-12, -1.76477224760746e-12, -1.002007591482945e-11, -1.381352237456168e-11, -1.203524172682657e-11, -1.281414037379581e-11, -1.908520043392148e-11, -1.978603565711001e-11, -1.428018554100463e-11, -2.165611960591729e-11, 3.47543646057602e-05, 3.633435335359536e-05, 3.651088263723068e-05, 3.655527325463481e-05, 3.641740477178246e-05, 3.506827124510891e-05, 3.015112088178284e-05, 2.47902498813346e-05, 2.301616586919408e-05, 2.150544241885655e-05, 5.432097241282463e-03, 6.139950454235077e-02, 1.219126209616661e-01, 1.624388843774796e-01, 1.555674076080322e-01, 1.540324836969376e-01, 1.893469840288163e-01, 2.022833377122879e-01, 2.045833021402359e-01, 1.982430815696716e-01, 1.872252076864243e-01, 1.741612404584885e-01, 1.642472147941589e-01, 1.580746620893479e-01, 1.370792984962463e-01, 9.319505840539932e-02, 5.143342912197113e-02, 1.588955521583557e-02, -2.245892707919417e-11, -3.952385987937568e-11, -3.520688601765798e-11, -9.566397153604189e-13, 4.759282703180323e-13, 3.835637103072331e-12, -3.104996815217476e-11, -3.263356251892446e-11, -3.744907856040314e-11, -3.808251630710302e-11, -3.638845474940311e-11, -3.48014013440423e-11, -2.717850423883394e-11, -2.82990176431186e-11, -4.334506711889397e-11, -3.747385735053393e-11, -3.932300665643324e-11, -3.945425583462599e-11, -1.366080078918364e-11, -1.092743603936519e-11, -2.968195828012554e-11, -5.472973810261017e-11, 2.988686355820391e-05, 2.936296186817344e-05, 2.866854993044399e-05, 2.832386599038728e-05, 2.82762212009402e-05, 2.685151412151754e-05, 2.202054747613143e-05, 1.90196558833117e-04, 2.689492888748607e-03, 1.031572744250298e-02, 2.562160789966583e-02, 4.321683198213577e-02, 5.650559812784195e-02, 7.11822435259819e-02, 7.183242589235306e-02, 8.367426693439484e-02, 1.080395951867104e-01, 8.171241730451584e-02, 7.302168756723404e-02, 7.172878086566925e-02, 7.796020805835724e-02, 9.253991395235062e-02, 9.28390696644783e-02, 6.485255062580109e-02, 4.102141037583351e-02, 1.644080504775047e-02, 2.459323965013027e-03, 2.349497517570853e-04, -4.085899327210818e-11, -4.200920514230155e-11, -4.242677389965088e-11, -3.258730785216102e-11, -2.439662014075417e-11, -1.453001521184438e-11, -9.670883018009224e-12, 2.142133692650816e-12, -2.94370560913193e-12, 7.074070929730114e-12, 1.941460534005124e-11]
eas.vavCol.m_flow=[-0e+00, 4.895001071147931e-12, 5.175968594700597e-12, 3.142466538721966e-12, 4.367640797642292e-12, 3.448239523778929e-12, 4.39459883413984e-12, 8.34108216524188e-12, 1.238363404876264e-11, 1.316105471133033e-11, 7.930424546220838e-12, 1.022104536424484e-11, 2.475282417435665e-05, 2.587812923593447e-05, 2.600385960249696e-05, 2.603547363833059e-05, 2.593727913335897e-05, 2.497639616194646e-05, 2.147429040633142e-05, 1.765615706972312e-05, 2.441291508148424e-05, 2.834309125319123e-03, 2.785112336277962e-02, 2.846887521445751e-02, 3.006712906062603e-02, 3.681652992963791e-02, 3.407267108559608e-02, 3.751310333609581e-02, 6.210959330201152e-02, 6.885571777820587e-02, 6.9560207426548e-02, 6.926091760396957e-02, 6.888569891452789e-02, 6.884327530860901e-02, 6.822104752063751e-02, 6.919693201780318e-02, 5.886021628975868e-02, 3.179598972201347e-02, 9.823288768529892e-03, 4.964439431205392e-04, 1.185837105593945e-11, 5.895799907312815e-12, -1.414308774261297e-11, -2.269947250999049e-12, 3.848808750005206e-13, -2.081143200480251e-12, 3.703767327556395e-12, 1.006791091467951e-11, 1.189399100043342e-11, 1.420796553325276e-11, 1.671518652657245e-11, 8.870483340917001e-12, 3.205221678348469e-12, 1.757786798062266e-11, 2.145001710973649e-11, 2.366144606635865e-11, 1.383769401147578e-11, -8.099390082227974e-12, -1.07098331939004e-11, -1.351885292079358e-12, 2.965441781022093e-11, 2.074598999535215e-11, 2.128607957274653e-05, 2.091294481942896e-05, 2.041836887656245e-05, 2.01728762476705e-05, 2.013894300034735e-05, 1.912423431349453e-05, 1.568259358464288e-05, 2.279933309182477e-03, 9.350997395813396e-03, 1.779026351869106e-02, 3.221447765827179e-02, 4.712868481874466e-02, 5.322185903787613e-02, 5.892471596598625e-02, 5.582830682396889e-02, 6.394185125827789e-02, 8.246633410453796e-02, 6.787776201963425e-02, 6.186829134821892e-02, 6.079498678445816e-02, 6.506844609975815e-02, 7.34584704041481e-02, 7.245155423879623e-02, 7.881961017847061e-02, 6.065192073583603e-02, 2.408536151051521e-02, 9.138427674770355e-03, 3.129128366708755e-03, -2.084444769567817e-11, -1.778186452250363e-11, -1.492746030951064e-11, -1.510027866635788e-11, -2.027740128585087e-11, -2.960925601924735e-11, -3.694821532063131e-11, -4.529639250488993e-12, -1.746436003625951e-12, 1.203213310235762e-11, 1.920648189102092e-11]
nor.vavCol.m_flow=[0e+00, 7.289285494649356e-12, 1.00787034967853e-11, 1.672408218855725e-11, 2.296042522775821e-11, 1.863412549263366e-11, 1.589962883574714e-11, 2.130788601117928e-11, 2.488920354537516e-11, 2.80184798973071e-11, 2.70959851778052e-11, 2.23461752574261e-11, 4.778735092259012e-05, 4.995983181288466e-05, 5.020256139687262e-05, 5.026359940529801e-05, 5.007402796763927e-05, 4.82189789181575e-05, 4.145791899645701e-05, 3.408674092497677e-05, 3.16473851853516e-05, 2.956915704999119e-05, 5.905377838644199e-05, 1.221900573000312e-03, 1.529079768806696e-02, 3.469280526041985e-02, 4.139520972967148e-02, 5.679292976856232e-02, 1.023906245827676e-01, 1.188233494758606e-01, 1.230166032910347e-01, 1.262237429618835e-01, 1.283407211303711e-01, 1.297867298126221e-01, 1.317721158266068e-01, 1.353820711374283e-01, 1.233067363500595e-01, 8.72732475399971e-02, 5.298034474253654e-02, 2.38459687680006e-02, 2.17763636983781e-11, 8.219277689014426e-12, 1.171763424137606e-12, -5.863311138692984e-12, 4.878255460173675e-13, 1.933006012200256e-11, 1.691819774551906e-11, 1.697928429800211e-11, 1.406874269860303e-11, 1.007035774214238e-11, 1.084229407644077e-11, 5.72120866307313e-12, 7.601383064659295e-12, 2.444154080516459e-11, 1.627766844924938e-11, 1.848187575204108e-11, 1.247734641302e-11, -2.060596485109895e-12, 1.838525165442917e-11, 3.359363828780992e-11, 4.708871487180133e-11, 1.08932585174415e-11, 4.10945613111835e-05, 4.037420148961246e-05, 3.941938484786078e-05, 3.894544715876691e-05, 3.88799344364088e-05, 3.695971827255562e-05, 4.852472338825702e-03, 4.687211290001845e-02, 7.046535611152629e-02, 9.100381284952164e-02, 1.16762787103653e-01, 1.396329998970032e-01, 1.487439572811127e-01, 1.556399762630463e-01, 1.511339396238327e-01, 1.578644216060638e-01, 1.668073832988739e-01, 1.457740515470505e-01, 1.419205963611603e-01, 1.436570584774017e-01, 1.516640037298203e-01, 1.611482501029968e-01, 1.630286127328873e-01, 1.574897915124893e-01, 1.384677886962891e-01, 1.060135737061501e-01, 9.244074672460556e-02, 8.451966941356659e-02, 3.961317385225982e-11, 3.8543508662503e-11, 4.025925773309957e-11, 6.253748907614209e-11, 6.607914909695367e-11, 3.087160388437482e-11, -2.47393494579029e-11, -1.42385114115795e-11, -1.141162685180941e-12, 2.540555266161704e-11, -3.042877755321527e-11]
wes.vavCol.m_flow=[0e+00, -1.965672416504027e-11, -1.958385190126144e-11, -2.097417552138214e-11, -1.990860080958168e-11, -1.85632117316592e-11, -1.314823510484286e-11, -1.116870745193621e-11, -1.192440677449946e-11, -1.333811880388502e-11, -1.689514327052333e-11, -1.571698500513197e-11, 2.750316343735904e-05, 2.875350401154719e-05, 2.889320421672892e-05, 2.89283343590796e-05, 2.881922773667611e-05, 2.775158100121188e-05, 2.38603497564327e-05, 1.961797715921421e-05, 1.821404111979064e-05, 1.701794462860562e-05, 1.574619636812713e-05, 1.445232919650152e-05, 1.24733371194452e-04, 1.447328482754529e-03, 2.747027203440666e-03, 8.63205548375845e-03, 3.685776516795166e-02, 5.281900614500046e-02, 6.368438154459e-02, 7.122775912284851e-02, 7.595814019441605e-02, 7.768851518630981e-02, 7.812276482582092e-02, 7.859490066766739e-02, 6.896377354860306e-02, 4.255319759249687e-02, 1.955009810626507e-02, 4.421251825988293e-03, 2.222316254629764e-11, 1.519558090468109e-11, 8.463239657696686e-12, -1.788127751336382e-13, 4.586654406973922e-13, 1.032126814570766e-11, 2.402997939521256e-11, 2.058711881525177e-11, 1.245589915932488e-11, 7.786438160906073e-12, 5.928118673032001e-12, 7.3260807142983e-12, 1.379521323563448e-11, 1.740630382884856e-11, 2.319602029985518e-13, 4.201222269378923e-12, 9.849952450902152e-12, 1.182030688606758e-11, 7.364694791511806e-12, 2.186397937697926e-11, 4.159404071168993e-11, -4.554714678334237e-12, 2.365122418268584e-05, 2.323663102288265e-05, 2.268710159114562e-05, 2.24143332161475e-05, 2.23766292037908e-05, 2.124917591572739e-05, 2.123619196936685e-04, 1.415169704705462e-02, 2.968864329159247e-02, 4.330876469612122e-02, 5.889729037880898e-02, 7.173673808574677e-02, 7.994087040424347e-02, 8.780080080032349e-02, 8.480845391750336e-02, 9.44000706076622e-02, 1.125695258378983e-01, 1.028450354933739e-01, 9.985662996768951e-02, 9.892125427722931e-02, 1.046767011284828e-01, 1.145411655306816e-01, 1.156114190816879e-01, 1.290442794561386e-01, 1.067138463258743e-01, 6.29035010933876e-02, 4.248813539743423e-02, 3.266752511262894e-02, 2.038775225032818e-11, 2.327875565921733e-11, 2.673630761229617e-11, 3.093012998500733e-11, 2.476599481049391e-11, 4.813077453952319e-12, -1.187871242341876e-11, 2.214969093555785e-12, -2.797747276905849e-12, 1.70025729606671e-11, -6.460117597112403e-12]
=======
  "linear": "0, 13, 0, 0, 0, 13, 0, 0, 0, 0, 0, 0, 13, 0, 0, 0, 0, 0, 13, 8, 0",
  "nonlinear": "1, 2, 1, 1, 1, 1, 1, 1, 0, 1, 0, 1, 1, 1, 1, 0, 0, 1",
  "number of continuous time states": "209",
  "numerical Jacobians": "0"
}
time=[0e+00, 1.728e+05]
fanSupHot.m_flow=[-0e+00, 5.853087348128838e-09, -3.160667061408162e-09, 7.000292612246994e-08, 6.414983744207348e-08, 6.227684679060985e-08, 4.483464977056428e-08, -8.206028212498489e-08, -2.645595387207322e-08, -6.812993547100632e-08, -1.755926248847572e-08, 6.157447529631099e-08, 1.830876111984253e+00, 1.844293117523193e+00, 1.845105290412903e+00, 1.845066666603088e+00, 1.843696117401123e+00, 1.831271409988403e+00, 1.793675184249878e+00, 1.769668340682983e+00, 1.759269118309021e+00, 1.751898765563965e+00, 1.741763114929199e+00, 1.726564645767212e+00, 1.712541460990906e+00, 1.701310276985168e+00, 1.703292608261108e+00, 1.699022173881531e+00, 1.675772190093994e+00, 1.668811082839966e+00, 1.665541529655457e+00, 1.663505911827087e+00, 1.662544727325439e+00, 1.662239670753479e+00, 1.661869645118713e+00, 1.660569787025452e+00, 1.669241666793823e+00, 1.691805243492126e+00, 1.715407371520996e+00, 1.739936828613281e+00, -3.302311881725473e-07, 9.798068134614368e-08, 4.155691897267388e-07, 1.537020750674856e-07, -1.744220057275925e-08, -1.87181726118979e-07, -2.165642314366778e-07, -1.092186110440707e-07, 4.097161010463424e-08, 7.421714798283574e-08, 6.859818313387223e-08, 1.002048506393294e-07, 2.212467009599095e-08, -4.499853503148188e-07, -5.010242531966469e-08, -6.672519248240803e-08, -1.689200956889032e-07, 2.592917667243425e-07, -4.272753528766771e-08, -2.045068754341628e-07, -9.988879128286499e-07, 5.952589958724275e-07, 1.79406464099884e+00, 1.789378523826599e+00, 1.784662961959839e+00, 1.782456636428833e+00, 1.781974673271179e+00, 1.775106072425842e+00, 1.753046751022339e+00, 1.721954941749573e+00, 1.711082577705383e+00, 1.702462911605835e+00, 1.692016243934631e+00, 1.682212710380554e+00, 1.675107359886169e+00, 1.667190551757812e+00, 1.669060826301575e+00, 1.661445617675781e+00, 1.639226794242859e+00, 1.646058320999146e+00, 1.648430585861206e+00, 1.647936224937439e+00, 1.643253564834595e+00, 1.634479403495789e+00, 1.630338668823242e+00, 1.62589418888092e+00, 1.639503479003906e+00, 1.678355693817139e+00, 1.703787565231323e+00, 1.720420241355896e+00, 7.129060008992383e-08, 2.996780779085384e-08, -5.513608059004582e-08, -4.506877075982629e-07, -3.92156835005153e-07, 2.343576142038728e-07, 1.015861812447838e-06, 3.30816504856557e-07, 3.406496773550316e-08, -1.928006980733699e-07, 1.080479918869059e-07]
fanSupCol.m_flow=[-0e+00, 1.439859431684454e-08, -8.662569328521386e-09, 1.931518767150919e-07, 1.755926177793299e-07, 1.727831318021344e-07, 1.22563648119467e-07, -2.111793833137197e-07, -7.503658139285108e-08, -1.889376619601535e-07, -4.998536695666189e-08, 1.719637054975465e-07, 3.021838963031769e-01, 1.738048940896988e-01, 1.668544858694077e-01, 1.675696969032288e-01, 1.808269321918488e-01, 3.017694950103767e-01, 6.456137895584106e-01, 8.420072197914124e-01, 9.189481735229492e-01, 9.692232012748718e-01, 1.045204281806946e+00, 1.169398069381714e+00, 1.28524923324585e+00, 1.377939462661743e+00, 1.362506031990051e+00, 1.397089242935181e+00, 1.5819491147995e+00, 1.628873229026794e+00, 1.643002271652222e+00, 1.648930072784424e+00, 1.648868203163147e+00, 1.643484115600586e+00, 1.638676047325134e+00, 1.641254901885986e+00, 1.570623993873596e+00, 1.413775563240051e+00, 1.246013402938843e+00, 1.058274269104004e+00, -9.120280424212979e-07, 2.708808892748493e-07, 1.149897570940084e-06, 4.14632694401007e-07, -5.302896965986292e-08, -5.196370693738572e-07, -6.00409691742243e-07, -2.913666889980959e-07, 1.093356729597872e-07, 2.052092327176069e-07, 1.899912120961744e-07, 2.752121588400769e-07, 6.134035146487804e-08, -1.241908080373832e-06, -1.382499164037654e-07, -1.903423907378949e-07, -4.718758930266219e-07, 7.150131295929813e-07, -1.136669567358695e-07, -5.662276407747413e-07, -2.762540134426672e-06, 1.651038814998174e-06, 6.354659795761108e-01, 6.753502488136292e-01, 7.14380145072937e-01, 7.320035099983215e-01, 7.357882857322693e-01, 7.905288934707642e-01, 9.551128149032609e-01, 1.195197343826293e+00, 1.284547090530395e+00, 1.353427290916443e+00, 1.430681705474854e+00, 1.489588618278503e+00, 1.515608787536621e+00, 1.544317126274109e+00, 1.515187740325928e+00, 1.549833178520203e+00, 1.651010870933533e+00, 1.594452619552612e+00, 1.58726704120636e+00, 1.595778703689575e+00, 1.622891068458557e+00, 1.660603165626526e+00, 1.661312103271484e+00, 1.650612592697144e+00, 1.549412965774536e+00, 1.374670386314392e+00, 1.262837648391724e+00, 1.17359185218811e+00, 1.930348219048028e-07, 7.889961750606744e-08, -1.525314559103208e-07, -1.242493340214423e-06, -1.070763801180874e-06, 6.492244324363128e-07, 2.817910399244283e-06, 9.157740237242251e-07, 9.716124793612835e-08, -5.268948939374241e-07, 2.987415825828066e-07]
fanRet.m_flow=[-0e+00, -4.07530961865632e-07, -4.545312322079553e-07, -8.978636145684504e-08, -5.921373258388485e-08, 1.41254501428989e-08, 1.808603933284303e-08, -5.304457886268208e-07, -3.478294559045025e-07, -5.391278818933642e-07, -3.680616487145016e-07, 4.307872103481714e-08, 2.982980489730835e+00, 2.872123956680298e+00, 2.865386962890625e+00, 2.865708589553833e+00, 2.877757549285889e+00, 2.982015371322632e+00, 3.274538993835449e+00, 3.437647342681885e+00, 3.496991395950317e+00, 3.536594390869141e+00, 3.597875833511353e+00, 3.700338363647461e+00, 3.797655582427979e+00, 3.875413656234741e+00, 3.863629817962646e+00, 3.893436193466187e+00, 4.046402931213379e+00, 4.084136486053467e+00, 4.095467090606689e+00, 4.100533962249756e+00, 4.101368427276611e+00, 4.097404479980469e+00, 4.092989444732666e+00, 4.094500064849854e+00, 4.036271572113037e+00, 3.909695148468018e+00, 3.773447751998901e+00, 3.618282079696655e+00, -1.773758640410961e-06, 1.791044645926831e-08, 1.653380081734213e-06, 6.469222171290312e-07, -8.356257552577517e-08, -9.841186283665593e-07, -1.283289407183474e-06, -8.73163571668556e-07, -2.886937693347136e-07, -8.93766411991237e-08, -8.065553913638723e-08, 7.649985178659335e-08, -1.46054034644294e-07, -2.435859869365231e-06, -6.699248729091778e-07, -7.224660976135033e-07, -1.265925220650321e-06, 8.919129186324271e-07, -3.564920234566671e-07, -1.098800112231402e-06, -5.47554373042658e-06, 2.058491872958257e-06, 3.265006303787231e+00, 3.298887014389038e+00, 3.331863403320312e+00, 3.346857786178589e+00, 3.349981069564819e+00, 3.395125389099121e+00, 3.529001235961915e+00, 3.72618269920349e+00, 3.80081820487976e+00, 3.85791540145874e+00, 3.920778036117554e+00, 3.966672420501709e+00, 3.986324071884155e+00, 4.007907390594482e+00, 3.983416795730591e+00, 4.009278774261475e+00, 4.083423614501953e+00, 4.034528732299805e+00, 4.030614852905273e+00, 4.038712501525879e+00, 4.058892250061035e+00, 4.083899974822998e+00, 4.076724529266357e+00, 4.047667503356934e+00, 3.9672532081604e+00, 3.8563072681427e+00, 3.775636911392212e+00, 3.70653510093689e+00, -8.408935059378564e-08, -2.438591195641493e-07, -6.138913022368797e-07, -2.488947302481392e-06, -2.532377266106778e-06, 1.305433556808566e-07, 3.941371232940583e-06, 1.41851523949299e-06, 1.581894366609049e-07, -9.170032058136712e-07, 2.616525023313443e-07]
fanSupHot.dp=[0e+00, 2.619344741106033e-10, -2.473825588822365e-10, 3.92901711165905e-09, 3.565219230949879e-09, 3.521563485264778e-09, 2.502929419279099e-09, -4.365574568510052e-09, -1.557054929435253e-09, -3.827153705060482e-09, -1.047737896442413e-09, 3.477907739579678e-09, 1.042868900299072e+01, 1.484806251525879e+01, 1.510699272155762e+01, 1.509488868713379e+01, 1.465791416168213e+01, 1.05638618469238e+01, -3.157977104187012e+00, -1.254892158508301e+01, -1.637101364135742e+01, -1.890970802307129e+01, -2.287259864807129e+01, -2.964079475402832e+01, -3.622367858886719e+01, -4.166228866577148e+01, -4.079920196533203e+01, -4.286996459960938e+01, -5.409709548950197e+01, -5.696606063842773e+01, -5.775200271606445e+01, -5.803908157348633e+01, -5.797768020629883e+01, -5.757535171508789e+01, -5.719927978515625e+01, -5.728585815429688e+01, -5.286177825927734e+01, -4.358636474609375e+01, -3.406444931030273e+01, -2.380984497070312e+01, -1.8524588085711e-08, 5.529727786779404e-09, 2.345768734812737e-08, 8.425558917224407e-09, -1.047737896442413e-09, -1.059379428625107e-08, -1.217995304614305e-08, -5.893525667488575e-09, 2.255546860396862e-09, 4.118192009627819e-09, 3.870809450745583e-09, 5.602487362921238e-09, 1.193257048726082e-09, -2.524757292121649e-08, -2.808519639074802e-09, -3.827153705060449e-09, -9.589712135492917e-09, 1.462467480450852e-08, -2.313754521310329e-09, -1.149601303040981e-08, -5.627225618809462e-08, 3.360037226229906e-08, -2.999799966812134e+00, -4.784029483795166e+00, -6.595883846282959e+00, -7.428791522979736e+00, -7.603574752807617e+00, -1.024578285217285e+01, -1.842658805847176e+01, -3.124583435058588e+01, -3.632392120361324e+01, -4.031312561035156e+01, -4.482276153564453e+01, -4.817535781860352e+01, -4.947133255004883e+01, -5.090246200561523e+01, -4.899414443969727e+01, -5.084992218017578e+01, -5.634296035766602e+01, -5.274398422241211e+01, -5.240430068969727e+01, -5.297013092041016e+01, -5.454585647583008e+01, -5.657188415527344e+01, -5.624699783325195e+01, -5.492822265625e+01, -4.878461837768555e+01, -3.988025283813477e+01, -3.432842636108398e+01, -2.975596046447754e+01, 3.943569026887417e-09, 1.455191522836685e-09, -3.157765604555607e-09, -2.526212483644485e-08, -2.176966518163681e-08, 1.32567947730422e-08, 5.743640940636396e-08, 1.86555553227663e-08, 2.008164301514626e-09, -1.0710209608078e-08, 6.082700565457344e-09]
fanSupCol.dp=[0e+00, -1.455191522836685e-10, -6.83940015733242e-10, 1.80443748831749e-09, 1.557054929435253e-09, 1.586158759891987e-09, 1.396983861923218e-09, -2.473825588822363e-09, -8.440110832452774e-10, -1.775333657860756e-09, -6.111804395914078e-10, 1.527951098978519e-09, -2.664041519165039e+01, -2.672570610046387e+01, -2.673088073730469e+01, -2.673034477233887e+01, -2.672054862976074e+01, -2.664066696166992e+01, -2.643890190124512e+01, -2.627801322937012e+01, -2.619435119628906e+01, -2.613156509399414e+01, -2.602275276184082e+01, -3.398608016967773e+01, -4.206206130981445e+01, -4.874922943115234e+01, -4.77557487487793e+01, -5.033629989624023e+01, -6.408358001708986e+01, -6.761834716796875e+01, -6.859666442871094e+01, -6.897064971923828e+01, -6.891254425048828e+01, -6.843753814697266e+01, -6.799807739257812e+01, -6.812431335449219e+01, -6.274993515014648e+01, -5.139403915405273e+01, -3.972557830810547e+01, -2.71285572052002e+01, -8.469214662909508e-09, 2.706656232476234e-09, 1.129228621721268e-08, 4.176399670541286e-09, 0e+00, -4.773028194904327e-09, -5.253241397440434e-09, -3.085006028413773e-09, 1.498847268521786e-09, 1.484295353293419e-09, 1.789885573089123e-09, 2.619344741106033e-09, 4.94765117764473e-10, -1.168518792837858e-08, -1.280568540096283e-09, -1.513399183750138e-09, -4.380126483738034e-09, 6.635673344135207e-09, -1.004082150757313e-09, -5.020410753786564e-09, -2.597516868263483e-08, 1.538137439638376e-08, -2.644569969177246e+01, -2.641833114624023e+01, -2.638957786560059e+01, -2.637586975097656e+01, -2.637286186218262e+01, -2.632664680480957e+01, -2.61498794555664e+01, -3.626592636108391e+01, -4.253359603881831e+01, -4.745345306396484e+01, -5.301034545898438e+01, -5.716717147827148e+01, -5.880706405639648e+01, -6.062704086303711e+01, -5.834321975708008e+01, -6.069057083129883e+01, -6.755576324462891e+01, -6.31350212097168e+01, -6.267250442504883e+01, -6.334287643432617e+01, -6.530025482177734e+01, -6.787312316894531e+01, -6.758917236328125e+01, -6.618183898925781e+01, -5.86426887512207e+01, -4.732228469848633e+01, -4.034126281738281e+01, -3.470293426513672e+01, 1.993612386286259e-09, 6.693881005048752e-10, -2.037268131971359e-09, -1.175794750452042e-08, -1.024454832077026e-08, 6.097252480685711e-09, 2.706656232476234e-08, 8.585629984736443e-09, 1.01863406598568e-09, -4.903995431959629e-09, 2.808519639074802e-09]
fanRet.dp=[0e+00, -6.693881005048752e-10, -7.421476766467094e-10, -1.600710675120354e-10, -1.01863406598568e-10, 1.455191522836685e-11, 1.455191522836685e-11, -8.440110832452771e-10, -5.675246939063072e-10, -8.731149137020111e-10, -5.966285243630409e-10, 5.820766091346741e-11, -1.103134460449219e+02, -1.103697357177734e+02, -1.103731079101562e+02, -1.103729476928711e+02, -1.103669128417969e+02, -1.103139419555664e+02, -1.101563415527344e+02, -1.100614700317383e+02, -1.100255126953125e+02, -1.100010604858398e+02, -1.099624633789062e+02, -1.098957824707031e+02, -1.098298187255859e+02, -1.097751541137695e+02, -1.097835540771484e+02, -1.097622222900391e+02, -1.096483764648438e+02, -1.096191253662109e+02, -1.096102447509766e+02, -1.096062622070312e+02, -1.09605598449707e+02, -1.096087188720703e+02, -1.09612190246582e+02, -1.096110000610352e+02, -1.096561508178711e+02, -1.097504730224609e+02, -1.098464813232422e+02, -1.099494018554688e+02, -2.837623469531536e-09, 1.455191522836685e-11, 2.619344741106033e-09, 1.033185981214046e-09, -1.309672370553017e-10, -1.57160684466362e-09, -2.051820047199726e-09, -1.411535777151585e-09, -4.802132025361061e-10, -1.600710675120354e-10, -1.455191522836685e-10, 1.01863406598568e-10, -2.473825588822365e-10, -3.885361365973949e-09, -1.076841726899147e-09, -1.164153218269344e-09, -2.037268131971253e-09, 1.411535777151559e-09, -5.675246939063072e-10, -1.760781742632389e-09, -8.745701052248478e-09, 3.245077095925808e-09, -1.101617126464844e+02, -1.101425247192383e+02, -1.101236343383789e+02, -1.101149673461914e+02, -1.10113151550293e+02, -1.100867462158203e+02, -1.100057754516602e+02, -1.098785247802734e+02, -1.098276290893555e+02, -1.097876129150391e+02, -1.097424163818359e+02, -1.097086486816406e+02, -1.096939849853516e+02, -1.096777420043945e+02, -1.096961669921875e+02, -1.096767044067383e+02, -1.096196823120117e+02, -1.096574859619141e+02, -1.096604766845703e+02, -1.096542816162109e+02, -1.096387481689453e+02, -1.096193084716797e+02, -1.096249084472656e+02, -1.096474075317383e+02, -1.097082214355469e+02, -1.097887496948242e+02, -1.098449783325195e+02, -1.098916625976562e+02, -1.455191522836685e-10, -4.074536263942719e-10, -9.895302355289459e-10, -3.972672857344151e-09, -4.059984348714352e-09, 1.746229827404022e-10, 6.242771632969379e-09, 2.255546860396862e-09, 2.473825588822365e-10, -1.455191522836685e-09, 4.074536263942719e-10]
flo.sou.air.vol.T=[2.931499938964844e+02, 2.923798828125e+02, 2.922748107910156e+02, 2.921973266601562e+02, 2.920619506835938e+02, 2.919627380371094e+02, 2.919017333984375e+02, 2.9181005859375e+02, 2.916727600097656e+02, 2.915943603515625e+02, 2.915896301269531e+02, 2.9148681640625e+02, 2.920345764160156e+02, 2.919969177246094e+02, 2.919709167480469e+02, 2.919549560546875e+02, 2.919815673828125e+02, 2.921464233398438e+02, 2.925227661132812e+02, 2.929396362304688e+02, 2.932212524414062e+02, 2.934601745605469e+02, 2.935623779296875e+02, 2.936165771484375e+02, 2.936559143066406e+02, 2.936788330078125e+02, 2.936729125976562e+02, 2.936710205078125e+02, 2.9369189453125e+02, 2.937029724121094e+02, 2.937103881835938e+02, 2.93707275390625e+02, 2.936919250488281e+02, 2.936801452636719e+02, 2.936738891601562e+02, 2.936698913574219e+02, 2.936566772460938e+02, 2.9363037109375e+02, 2.936006469726562e+02, 2.935612182617188e+02, 2.933468322753906e+02, 2.931554260253906e+02, 2.931564331054688e+02, 2.933420715332031e+02, 2.933305358886719e+02, 2.932630920410156e+02, 2.929116516113281e+02, 2.928126525878906e+02, 2.927271423339844e+02, 2.926683959960938e+02, 2.926157531738281e+02, 2.925622253417969e+02, 2.925342407226562e+02, 2.924171142578125e+02, 2.923230895996094e+02, 2.922861022949219e+02, 2.922352294921875e+02, 2.922469482421875e+02, 2.923319091796875e+02, 2.922822570800781e+02, 2.92042724609375e+02, 2.920220336914062e+02, 2.929115600585938e+02, 2.929447326660156e+02, 2.929774169921875e+02, 2.929961853027344e+02, 2.92990234375e+02, 2.930464782714844e+02, 2.933173217773438e+02, 2.935041198730469e+02, 2.935359802246094e+02, 2.935550231933594e+02, 2.935735778808594e+02, 2.935885314941406e+02, 2.935994873046875e+02, 2.936107482910156e+02, 2.936116943359375e+02, 2.936194763183594e+02, 2.936346435546875e+02, 2.936190490722656e+02, 2.936149291992188e+02, 2.936150207519531e+02, 2.936190185546875e+02, 2.936273498535156e+02, 2.936262512207031e+02, 2.936017150878906e+02, 2.935833129882812e+02, 2.935645751953125e+02, 2.935343017578125e+02, 2.935048828125e+02, 2.929770812988281e+02, 2.9282373046875e+02, 2.927589111328125e+02, 2.927236328125e+02, 2.927332458496094e+02, 2.928399047851562e+02, 2.929135437011719e+02, 2.929007873535156e+02, 2.928979187011719e+02, 2.928241882324219e+02, 2.927775573730469e+02]
flo.eas.air.vol.T=[2.931499938964844e+02, 2.924093627929688e+02, 2.923101501464844e+02, 2.922389526367188e+02, 2.921715087890625e+02, 2.921039733886719e+02, 2.920501098632812e+02, 2.919907836914062e+02, 2.919149475097656e+02, 2.9184814453125e+02, 2.917957763671875e+02, 2.917437438964844e+02, 2.924288330078125e+02, 2.924078674316406e+02, 2.923941955566406e+02, 2.923747253417969e+02, 2.923954162597656e+02, 2.925617370605469e+02, 2.929095764160156e+02, 2.932938842773438e+02, 2.93542724609375e+02, 2.935538940429688e+02, 2.935860900878906e+02, 2.935996704101562e+02, 2.936028137207031e+02, 2.936068420410156e+02, 2.9360107421875e+02, 2.936024475097656e+02, 2.936228332519531e+02, 2.9362646484375e+02, 2.936261901855469e+02, 2.936255187988281e+02, 2.936249389648438e+02, 2.936253662109375e+02, 2.9362451171875e+02, 2.936258850097656e+02, 2.936164855957031e+02, 2.935914611816406e+02, 2.935604248046875e+02, 2.935132141113281e+02, 2.931878967285156e+02, 2.930263061523438e+02, 2.929114379882812e+02, 2.929296875e+02, 2.92958740234375e+02, 2.928099670410156e+02, 2.928282165527344e+02, 2.927810363769531e+02, 2.927300109863281e+02, 2.92686767578125e+02, 2.926481323242188e+02, 2.9260302734375e+02, 2.92549072265625e+02, 2.925067138671875e+02, 2.924708251953125e+02, 2.924373779296875e+02, 2.923973388671875e+02, 2.923834838867188e+02, 2.922139892578125e+02, 2.921997375488281e+02, 2.922900085449219e+02, 2.922701721191406e+02, 2.930281372070312e+02, 2.930559387207031e+02, 2.930854187011719e+02, 2.931018981933594e+02, 2.931020812988281e+02, 2.931622314453125e+02, 2.934151000976562e+02, 2.935423889160156e+02, 2.935623168945312e+02, 2.935752868652344e+02, 2.935930480957031e+02, 2.936080322265625e+02, 2.93613037109375e+02, 2.936176452636719e+02, 2.936146240234375e+02, 2.936218566894531e+02, 2.936370544433594e+02, 2.936271362304688e+02, 2.936231689453125e+02, 2.93622802734375e+02, 2.936259765625e+02, 2.936310424804688e+02, 2.936282043457031e+02, 2.936369018554688e+02, 2.936213684082031e+02, 2.935833435058594e+02, 2.935583190917969e+02, 2.935361328125e+02, 2.930254821777344e+02, 2.929033508300781e+02, 2.928766784667969e+02, 2.9277978515625e+02, 2.926983947753906e+02, 2.92685302734375e+02, 2.927276916503906e+02, 2.928955383300781e+02, 2.92928955078125e+02, 2.928860473632812e+02, 2.928229675292969e+02]
flo.nor.air.vol.T=[2.931499938964844e+02, 2.923794860839844e+02, 2.922746276855469e+02, 2.92198486328125e+02, 2.921272277832031e+02, 2.920550231933594e+02, 2.919956970214844e+02, 2.9193212890625e+02, 2.9185302734375e+02, 2.917828369140625e+02, 2.917273864746094e+02, 2.916712646484375e+02, 2.925874633789062e+02, 2.925744323730469e+02, 2.925634155273438e+02, 2.9255419921875e+02, 2.925626831054688e+02, 2.926358642578125e+02, 2.928640441894531e+02, 2.931270141601562e+02, 2.932905578613281e+02, 2.934334716796875e+02, 2.934822692871094e+02, 2.935152282714844e+02, 2.935421447753906e+02, 2.935624694824219e+02, 2.93567626953125e+02, 2.935776672363281e+02, 2.936110534667969e+02, 2.936366577148438e+02, 2.936545104980469e+02, 2.9366796875e+02, 2.936775207519531e+02, 2.93683837890625e+02, 2.93689697265625e+02, 2.936970520019531e+02, 2.93691162109375e+02, 2.93652099609375e+02, 2.93598388671875e+02, 2.935460205078125e+02, 2.929820251464844e+02, 2.92806884765625e+02, 2.927581787109375e+02, 2.927192077636719e+02, 2.927376708984375e+02, 2.926827697753906e+02, 2.926156311035156e+02, 2.925667419433594e+02, 2.925157470703125e+02, 2.924721984863281e+02, 2.924335327148438e+02, 2.92389892578125e+02, 2.923368225097656e+02, 2.922937927246094e+02, 2.922569885253906e+02, 2.922242431640625e+02, 2.921863403320312e+02, 2.921580505371094e+02, 2.921356506347656e+02, 2.9211962890625e+02, 2.9209033203125e+02, 2.92068603515625e+02, 2.931640625e+02, 2.932205505371094e+02, 2.932669067382812e+02, 2.932986145019531e+02, 2.933106384277344e+02, 2.933725280761719e+02, 2.935066528320312e+02, 2.935733642578125e+02, 2.935868225097656e+02, 2.936029052734375e+02, 2.936343994140625e+02, 2.936760864257812e+02, 2.93710205078125e+02, 2.937380981445312e+02, 2.937455749511719e+02, 2.937643432617188e+02, 2.938009643554688e+02, 2.937889709472656e+02, 2.937808532714844e+02, 2.937794494628906e+02, 2.937876281738281e+02, 2.938046875e+02, 2.938182678222656e+02, 2.938233642578125e+02, 2.938035278320312e+02, 2.937438049316406e+02, 2.936929016113281e+02, 2.936571655273438e+02, 2.931678771972656e+02, 2.930125122070312e+02, 2.929622192382812e+02, 2.929203796386719e+02, 2.928844909667969e+02, 2.92864990234375e+02, 2.92857177734375e+02, 2.92793212890625e+02, 2.928393249511719e+02, 2.928040771484375e+02, 2.925695190429688e+02]
flo.wes.air.vol.T=[2.931499938964844e+02, 2.920982055664062e+02, 2.919955444335938e+02, 2.919285278320312e+02, 2.918799133300781e+02, 2.918478393554688e+02, 2.918507080078125e+02, 2.917948913574219e+02, 2.9169580078125e+02, 2.916236267089844e+02, 2.915435485839844e+02, 2.915193786621094e+02, 2.925288391113281e+02, 2.925213012695312e+02, 2.925219421386719e+02, 2.925270690917969e+02, 2.925326232910156e+02, 2.925960998535156e+02, 2.928010559082031e+02, 2.930428161621094e+02, 2.931643371582031e+02, 2.932579956054688e+02, 2.9337060546875e+02, 2.934482421875e+02, 2.934906311035156e+02, 2.935200500488281e+02, 2.935276184082031e+02, 2.935463562011719e+02, 2.935846862792969e+02, 2.935990295410156e+02, 2.936086120605469e+02, 2.936152648925781e+02, 2.936221923828125e+02, 2.936300354003906e+02, 2.936367797851562e+02, 2.936412963867188e+02, 2.936331481933594e+02, 2.935938110351562e+02, 2.935678405761719e+02, 2.935324401855469e+02, 2.930910034179688e+02, 2.929317016601562e+02, 2.928840942382812e+02, 2.928595886230469e+02, 2.928631286621094e+02, 2.928114624023438e+02, 2.927471923828125e+02, 2.926989135742188e+02, 2.926480102539062e+02, 2.926051025390625e+02, 2.925669860839844e+02, 2.925257873535156e+02, 2.92477294921875e+02, 2.924344177246094e+02, 2.92392822265625e+02, 2.923636169433594e+02, 2.923285522460938e+02, 2.92304443359375e+02, 2.922788391113281e+02, 2.922627868652344e+02, 2.922340698242188e+02, 2.92203369140625e+02, 2.930845947265625e+02, 2.93128173828125e+02, 2.931707763671875e+02, 2.931997985839844e+02, 2.932101135253906e+02, 2.932762145996094e+02, 2.934778442382812e+02, 2.935667114257812e+02, 2.935853881835938e+02, 2.935982971191406e+02, 2.936107177734375e+02, 2.936237182617188e+02, 2.936416015625e+02, 2.936637268066406e+02, 2.936671142578125e+02, 2.93688232421875e+02, 2.937388916015625e+02, 2.937426452636719e+02, 2.937409973144531e+02, 2.937389526367188e+02, 2.937458801269531e+02, 2.937638854980469e+02, 2.937768859863281e+02, 2.938293762207031e+02, 2.9382177734375e+02, 2.937124633789062e+02, 2.936383056640625e+02, 2.935866088867188e+02, 2.932481994628906e+02, 2.931116943359375e+02, 2.930639038085938e+02, 2.930209350585938e+02, 2.929838562011719e+02, 2.929658508300781e+02, 2.929621887207031e+02, 2.929502258300781e+02, 2.929474792480469e+02, 2.929132080078125e+02, 2.92723876953125e+02]
flo.cor.air.vol.T=[2.931499938964844e+02, 2.928847045898438e+02, 2.928187866210938e+02, 2.927740783691406e+02, 2.927291870117188e+02, 2.926865844726562e+02, 2.92657958984375e+02, 2.926190795898438e+02, 2.925611572265625e+02, 2.925127868652344e+02, 2.924782104492188e+02, 2.924395141601562e+02, 2.935566101074219e+02, 2.93510986328125e+02, 2.935079956054688e+02, 2.9350830078125e+02, 2.935138244628906e+02, 2.935563659667969e+02, 2.936702880859375e+02, 2.938444213867188e+02, 2.939425659179688e+02, 2.94012939453125e+02, 2.940796203613281e+02, 2.941060485839844e+02, 2.941206970214844e+02, 2.941336975097656e+02, 2.941122131347656e+02, 2.941214294433594e+02, 2.941982116699219e+02, 2.942138977050781e+02, 2.942270812988281e+02, 2.942400512695312e+02, 2.94252197265625e+02, 2.942642822265625e+02, 2.942760009765625e+02, 2.942870178222656e+02, 2.9426025390625e+02, 2.941885375976562e+02, 2.941110229492188e+02, 2.940261840820312e+02, 2.938078308105469e+02, 2.936557922363281e+02, 2.936121215820312e+02, 2.935982666015625e+02, 2.935968933105469e+02, 2.935558166503906e+02, 2.934962768554688e+02, 2.934566040039062e+02, 2.934156799316406e+02, 2.933799743652344e+02, 2.933473815917969e+02, 2.933154602050781e+02, 2.932826843261719e+02, 2.932439880371094e+02, 2.932054138183594e+02, 2.931781005859375e+02, 2.931474914550781e+02, 2.931278076171875e+02, 2.931023559570312e+02, 2.930833435058594e+02, 2.930455017089844e+02, 2.930203552246094e+02, 2.936666259765625e+02, 2.936846313476562e+02, 2.937053527832031e+02, 2.937159118652344e+02, 2.937182006835938e+02, 2.937597351074219e+02, 2.939925842285156e+02, 2.941868286132812e+02, 2.9420458984375e+02, 2.942179565429688e+02, 2.942325744628906e+02, 2.942454223632812e+02, 2.942544555664062e+02, 2.942646484375e+02, 2.942380065917969e+02, 2.942448425292969e+02, 2.94322265625e+02, 2.943282165527344e+02, 2.943398742675781e+02, 2.943515625e+02, 2.943643493652344e+02, 2.943777465820312e+02, 2.943834533691406e+02, 2.943887939453125e+02, 2.943528137207031e+02, 2.942667541503906e+02, 2.941863098144531e+02, 2.941075439453125e+02, 2.939318237304688e+02, 2.93800537109375e+02, 2.937576293945312e+02, 2.937152099609375e+02, 2.936811218261719e+02, 2.936732177734375e+02, 2.936773681640625e+02, 2.9367626953125e+02, 2.936781616210938e+02, 2.936504516601562e+02, 2.9357373046875e+02]
cor.vavHot.m_flow=[2.044842379814522e-18, -3.615329606868056e-13, -2.936204881662241e-13, -1.595026194456395e-12, -1.615451912864718e-12, -1.507065305883515e-12, -1.078473031365657e-12, 6.414831773410281e-13, -4.296229713131317e-14, 4.649027473754841e-13, -4.182773647842114e-13, -1.294840645295336e-12, 5.727877616882324e-01, 5.771581530570984e-01, 5.774229764938354e-01, 5.774098038673401e-01, 5.769609808921814e-01, 5.729122757911682e-01, 5.606571435928345e-01, 5.522359609603882e-01, 5.48528790473938e-01, 5.459305047988892e-01, 5.423110723495483e-01, 5.374206304550171e-01, 5.32980740070343e-01, 5.293987393379211e-01, 5.302655696868896e-01, 5.288535356521606e-01, 5.208709239959717e-01, 5.188980102539062e-01, 5.181666016578674e-01, 5.177123546600342e-01, 5.174570083618164e-01, 5.17406702041626e-01, 5.173507332801819e-01, 5.170362591743469e-01, 5.201611518859863e-01, 5.271462202072144e-01, 5.344453454017639e-01, 5.424060821533203e-01, 5.033271976290221e-12, -7.71095806564176e-13, -5.944553009562537e-12, -1.97983556632364e-12, 2.605946057901432e-13, 2.16979884580526e-12, 3.381128710344683e-12, 2.029097376232691e-12, 3.330350589487302e-14, -3.511351636970722e-13, -2.857716233789498e-13, -8.790538826367045e-13, 8.809232098123954e-14, 6.775483386151082e-12, 1.318752615789287e-12, 1.615989135041178e-12, 2.952626641447367e-12, -3.333345752198853e-12, -2.234499850504567e-14, 2.390534818708101e-12, 1.495677019736075e-11, -7.551172361008884e-12, 5.608046650886536e-01, 5.592886209487915e-01, 5.577515363693237e-01, 5.570427179336548e-01, 5.568937063217163e-01, 5.54607629776001e-01, 5.464963912963866e-01, 5.349999666213989e-01, 5.314426422119141e-01, 5.287023186683655e-01, 5.256383419036865e-01, 5.232983231544495e-01, 5.222388505935669e-01, 5.210723876953125e-01, 5.227022767066956e-01, 5.213924646377563e-01, 5.163038372993469e-01, 5.182715058326721e-01, 5.182285904884338e-01, 5.176147818565369e-01, 5.163397192955017e-01, 5.147377252578735e-01, 5.146938562393188e-01, 5.152881145477295e-01, 5.19932746887207e-01, 5.275543928146362e-01, 5.327990055084229e-01, 5.371554493904114e-01, -2.060947766613364e-12, -1.265135023652275e-12, -3.134759247021496e-15, 4.930047255852221e-12, 3.780119880308908e-12, -4.591051063623786e-12, -1.469267589537804e-11, -4.295356171440945e-12, -4.941391805284023e-13, 2.747372641886958e-12, -9.479824016707036e-14]
sou.vavHot.m_flow=[-0e+00, 2.995066434446914e-12, 2.438139534016726e-12, -5.562075322887439e-13, -2.990492185481197e-12, -3.595861672658907e-12, -3.383489885835922e-12, -3.497699525845113e-12, -5.862942509954339e-12, -5.464902835816687e-12, -4.165430153579841e-12, -6.719152578077425e-12, 3.228049278259277e-01, 3.251337707042694e-01, 3.252745866775513e-01, 3.252680003643036e-01, 3.250307440757751e-01, 3.228742480278015e-01, 3.163507282733917e-01, 3.123804330825806e-01, 3.107669949531555e-01, 3.093273341655731e-01, 3.075473010540009e-01, 3.048421442508698e-01, 3.023257255554199e-01, 3.003354370594025e-01, 3.006455302238464e-01, 2.999386489391327e-01, 2.961190044879913e-01, 2.950318157672882e-01, 2.945409119129181e-01, 2.944183349609375e-01, 2.947474420070648e-01, 2.950232028961182e-01, 2.951734960079193e-01, 2.951627969741821e-01, 2.966413497924805e-01, 2.998332679271698e-01, 3.032679557800293e-01, 3.07164192199707e-01, -6.746151814257528e-12, -1.184206638998875e-11, -1.054560085089751e-11, -7.600735904382538e-13, 1.642856044346136e-13, 1.273123425259148e-12, -8.553510330577829e-12, -1.01373458238907e-11, -1.16153545115516e-11, -1.153598831044045e-11, -1.126471398799067e-11, -1.064542030915216e-11, -7.913416449900623e-12, -7.509121796589469e-12, -1.232001046319597e-11, -1.138220073748641e-11, -1.03921333344249e-11, -1.092261264074025e-11, -3.66143617161474e-12, -4.852960481388502e-12, -7.943542525146174e-12, -1.894295657833833e-11, 3.164203763008118e-01, 3.156344592571259e-01, 3.148497641086578e-01, 3.144935667514801e-01, 3.144191801548004e-01, 3.133092522621155e-01, 3.098059296607971e-01, 3.046276569366455e-01, 3.02716463804245e-01, 3.012588620185852e-01, 2.996422648429871e-01, 2.984424233436584e-01, 2.979499101638794e-01, 2.974155843257904e-01, 2.980229556560516e-01, 2.973640263080597e-01, 2.955296039581299e-01, 2.96795129776001e-01, 2.969470322132111e-01, 2.967709898948669e-01, 2.962425947189331e-01, 2.955511808395386e-01, 2.956597506999969e-01, 2.962234020233154e-01, 2.98343688249588e-01, 3.013640642166138e-01, 3.033729493618011e-01, 3.05085688829422e-01, -1.225427832124426e-11, -1.260114148443625e-11, -1.270207376780075e-11, -9.284285146238247e-12, -7.104542648628254e-12, -4.886083725119672e-12, -4.270433399261586e-12, -1.541603541869996e-12, -2.798278915441127e-13, -1.190961500426024e-12, 4.562402105418029e-12]
eas.vavHot.m_flow=[-0e+00, 1.466108701456137e-12, 1.540275394208701e-12, 9.233608886174971e-13, 1.320179967949364e-12, 1.448915857085731e-12, 1.455799348258624e-12, 2.746330073077897e-12, 3.638207790590542e-12, 3.772249006217532e-12, 2.471591074165724e-12, 3.219792705025371e-12, 2.298614233732224e-01, 2.315200716257095e-01, 2.316203862428665e-01, 2.316156774759293e-01, 2.314466834068298e-01, 2.299108058214188e-01, 2.25264698266983e-01, 2.222703993320465e-01, 2.207781970500946e-01, 2.200728207826614e-01, 2.189365327358246e-01, 2.171041816473007e-01, 2.154036164283752e-01, 2.140371948480606e-01, 2.142562419176102e-01, 2.137446105480194e-01, 2.110340893268585e-01, 2.103682309389114e-01, 2.102003544569016e-01, 2.1014404296875e-01, 2.101608663797379e-01, 2.10259735584259e-01, 2.103588134050369e-01, 2.103444784879684e-01, 2.113872617483139e-01, 2.136282175779343e-01, 2.16049462556839e-01, 2.188226133584976e-01, 3.551499372367317e-12, 1.779491051040472e-12, -4.390810198068307e-12, -1.015719518042413e-12, 9.69501307577017e-14, -1.515934188074664e-12, 1.501397747447064e-12, 2.771059206749249e-12, 3.273009033938346e-12, 4.177647377340277e-12, 4.76578932567806e-12, 2.648816712844115e-12, 1.070801867314453e-12, 6.14007022309293e-12, 7.326109337235653e-12, 6.828209438841645e-12, 5.059571685228522e-12, -1.76177540438243e-12, -2.893694181840822e-12, -1.779036228229114e-12, 1.047570797468866e-11, 4.44340007496602e-12, 2.2531458735466e-01, 2.24755734205246e-01, 2.241978794336319e-01, 2.239450812339783e-01, 2.238924354314804e-01, 2.230914533138275e-01, 2.20462903380394e-01, 2.168416976928711e-01, 2.155015021562576e-01, 2.144769132137299e-01, 2.13334709405899e-01, 2.125009745359421e-01, 2.121958881616592e-01, 2.118672430515289e-01, 2.123256921768188e-01, 2.118867188692093e-01, 2.106570303440094e-01, 2.115448862314224e-01, 2.116387635469437e-01, 2.115083783864975e-01, 2.11144357919693e-01, 2.106940448284149e-01, 2.10810050368309e-01, 2.111862599849701e-01, 2.126859724521637e-01, 2.147356569766998e-01, 2.160615473985672e-01, 2.172251045703888e-01, -6.250871781993128e-12, -5.333415133146335e-12, -4.458509516441778e-12, -4.18353155937079e-12, -5.969661397153825e-12, -9.258849763271737e-12, -1.197461487606466e-11, -2.259294314133076e-12, -2.005778355906873e-13, 1.270352312926493e-12, 4.859705519943969e-12]
nor.vavHot.m_flow=[-0e+00, 2.182162436858981e-12, 2.995537195030207e-12, 4.995827970061262e-12, 6.904684723280097e-12, 6.381074054567781e-12, 5.070813127033835e-12, 6.907603395528429e-12, 7.72291779138623e-12, 8.472751146515467e-12, 8.299894625751758e-12, 6.943408521753458e-12, 4.43636566400528e-01, 4.468377530574799e-01, 4.470313787460327e-01, 4.470223486423492e-01, 4.466961920261383e-01, 4.437319040298462e-01, 4.34764564037323e-01, 4.293093085289001e-01, 4.269295334815979e-01, 4.251931011676788e-01, 4.229695498943329e-01, 4.193685352802277e-01, 4.15991485118866e-01, 4.13286954164505e-01, 4.136617183685303e-01, 4.126371741294861e-01, 4.069735109806061e-01, 4.044988453388214e-01, 4.028187990188599e-01, 4.014856219291687e-01, 4.005051255226135e-01, 3.999482095241547e-01, 3.994818329811096e-01, 3.986806869506836e-01, 4.005286693572998e-01, 4.075786471366882e-01, 4.15363073348999e-01, 4.22197550535202e-01, 6.521308233004008e-12, 2.486558268316452e-12, 2.953532058681818e-13, -2.423938870801945e-12, 1.645668464781563e-13, 4.805122879453227e-12, 6.002572137259188e-12, 4.63930673391677e-12, 3.702552587442343e-12, 2.80136656059804e-12, 2.771398995710106e-12, 2.525768873565259e-12, 2.180242965332813e-12, 9.010746142290582e-12, 5.980167749886078e-12, 5.228175097710102e-12, 6.4668500589225e-12, 5.886349350656363e-13, 6.031090123842509e-12, 8.120929276267397e-12, 1.597386459217809e-11, -1.991582354761434e-13, 4.348321259021759e-01, 4.336308240890503e-01, 4.324443936347961e-01, 4.318762421607971e-01, 4.317428469657898e-01, 4.300474524497986e-01, 4.251712262630462e-01, 4.183748960494996e-01, 4.158125817775726e-01, 4.135608971118927e-01, 4.101907014846802e-01, 4.05781477689743e-01, 4.012514650821686e-01, 3.964130282402039e-01, 3.953666687011719e-01, 3.914432227611542e-01, 3.816772103309631e-01, 3.844264447689056e-01, 3.865564167499542e-01, 3.869301378726959e-01, 3.851416707038879e-01, 3.809678852558136e-01, 3.779875338077545e-01, 3.767422139644623e-01, 3.821040689945221e-01, 3.963908851146698e-01, 4.06988114118576e-01, 4.134174585342407e-01, 1.188873131885426e-11, 1.156532421914269e-11, 1.211065449313597e-11, 1.944419625310445e-11, 2.004118572485059e-11, 8.531648477971832e-12, -8.963786310434152e-12, -5.977427320474904e-12, -3.818673350620971e-13, 2.931900599037474e-12, -1.087359109003261e-11]
wes.vavHot.m_flow=[0e+00, -5.899692626792907e-12, -5.88692419464798e-12, -6.313469278623751e-12, -5.961531181902791e-12, -5.131067445929283e-12, -3.786439044251022e-12, -3.102449937578135e-12, -3.918735995422917e-12, -3.902523703497307e-12, -4.967545038508936e-12, -4.572877233127715e-12, 2.617853581905365e-01, 2.636435329914093e-01, 2.637559771537781e-01, 2.637507617473602e-01, 2.635613977909088e-01, 2.618407309055328e-01, 2.566368877887726e-01, 2.534720897674561e-01, 2.52265453338623e-01, 2.513748109340668e-01, 2.499982863664627e-01, 2.478285729885101e-01, 2.458394169807434e-01, 2.442516088485718e-01, 2.444634139537811e-01, 2.438479512929916e-01, 2.407743781805038e-01, 2.400141060352325e-01, 2.398147583007812e-01, 2.397455722093582e-01, 2.396743446588516e-01, 2.396019548177719e-01, 2.395047843456268e-01, 2.393454760313034e-01, 2.405218183994293e-01, 2.436196953058243e-01, 2.462830394506454e-01, 2.493471950292587e-01, 6.660206240682864e-12, 4.570830259426062e-12, 2.393942682976657e-12, -4.272321157874209e-13, 1.349178472935531e-13, 1.809295118240795e-12, 7.704789931062273e-12, 5.903868106199583e-12, 3.474925642371618e-12, 2.235080827014957e-12, 1.501466919545669e-12, 2.44319733715137e-12, 3.970194832614293e-12, 6.078425957012357e-12, 5.23327800365514e-13, 1.299849334071581e-12, 4.1669627817708e-12, 4.279525952360931e-12, 2.609778929421602e-12, 5.437217082820966e-12, 1.226217218042169e-11, -3.387513143257581e-12, 2.56693035364151e-01, 2.560687065124512e-01, 2.554192543029785e-01, 2.550990283489227e-01, 2.550264298915863e-01, 2.540495693683624e-01, 2.511096000671386e-01, 2.471102923154831e-01, 2.456089705228806e-01, 2.444627583026886e-01, 2.432096600532532e-01, 2.421905547380447e-01, 2.414703965187073e-01, 2.404222190380096e-01, 2.406431138515472e-01, 2.393590211868286e-01, 2.350593954324722e-01, 2.350205034017563e-01, 2.350596785545349e-01, 2.351118475198746e-01, 2.343851774930954e-01, 2.325291186571121e-01, 2.311875969171524e-01, 2.264554798603058e-01, 2.264403700828552e-01, 2.38312765955925e-01, 2.445665895938873e-01, 2.475371062755585e-01, 6.119065757564934e-12, 6.984924791342273e-12, 8.04054305775237e-12, 9.6654004244634e-12, 7.523328314495981e-12, 1.027329154905388e-12, -4.502898054425941e-12, -5.38061240527854e-13, -2.222003912246903e-13, 2.769830805687823e-12, -2.941690510974149e-12]
cor.vavCol.m_flow=[6.816127479704864e-18, -1.205431696300885e-12, -9.783676689981147e-13, -5.322912249861034e-12, -5.39042812122692e-12, -5.02907698124444e-12, -3.598888331443617e-12, 2.145147124169019e-12, -1.40821707593497e-13, 1.555745549747245e-12, -1.392634705471574e-12, -4.321619451186365e-12, 3.021124005317688e-01, 1.737251281738281e-01, 1.667744219303131e-01, 1.674901396036148e-01, 1.807495057582855e-01, 3.01721781492234e-01, 6.457555890083313e-01, 8.414998054504395e-01, 8.625147342681885e-01, 8.739216327667236e-01, 8.530069589614868e-01, 8.672917485237122e-01, 8.79479706287384e-01, 8.905215263366699e-01, 8.779571056365967e-01, 8.853013515472412e-01, 9.376374483108521e-01, 9.485324025154114e-01, 9.565785527229309e-01, 9.64341938495636e-01, 9.714191555976868e-01, 9.782471656799316e-01, 9.848697781562805e-01, 9.912586212158203e-01, 9.740340709686279e-01, 9.277359247207642e-01, 8.768181800842285e-01, 8.201668858528137e-01, 1.680665676073723e-11, -2.5790409304699e-12, -1.985198984366665e-11, -6.61252389649869e-12, 8.703133699827781e-13, 7.249156570160453e-12, 1.128954568718754e-11, 6.77283272867979e-12, 1.074323532153539e-13, -1.176864920619802e-12, -9.586352978790957e-13, -2.938965043552955e-12, 2.918888546664389e-13, 2.262471633651675e-11, 4.400227144457647e-12, 5.39274224234385e-12, 9.857015377533887e-12, -1.113415436237981e-11, -7.075545390474586e-14, 7.986355500533282e-12, 4.994395522150974e-11, -2.522322975484492e-11, 6.353959441184998e-01, 6.751642823219299e-01, 7.138063907623291e-01, 7.307494282722473e-01, 7.341163158416748e-01, 7.839957475662231e-01, 8.678651452064516e-01, 9.216153621673582e-01, 9.353964328765868e-01, 9.458152055740356e-01, 9.570580720901489e-01, 9.663364887237549e-01, 9.718808531761169e-01, 9.782069325447083e-01, 9.618226289749146e-01, 9.668697714805603e-01, 1.013227820396423e+00, 1.014304876327515e+00, 1.020373463630676e+00, 1.02694296836853e+00, 1.034775495529175e+00, 1.043155789375305e+00, 1.046390295028687e+00, 1.049583196640015e+00, 1.027063727378845e+00, 9.73321259021759e-01, 9.240718483924866e-01, 8.7530517578125e-01, -6.876051377585624e-12, -4.219346660255807e-12, -5.465579195013202e-15, 1.647307290575384e-11, 1.2634484604368e-11, -1.532438412277237e-11, -4.906575146179648e-11, -1.434705739628006e-11, -1.650223360738501e-12, 9.174831033798014e-12, -3.255456613917435e-13]
sou.vavCol.m_flow=[-0e+00, 9.983243398625774e-12, 8.127333875340703e-12, -1.857499180510369e-12, -9.971516667928171e-12, -1.198930277973576e-11, -1.128044966464126e-11, -1.165519590562437e-11, -1.954166689577264e-11, -1.821291555070825e-11, -1.388385500317169e-11, -2.240019801591497e-11, 1.900084316730499e-05, 2.051373121503275e-05, 2.060172118945047e-05, 2.059690086753108e-05, 2.04456828214461e-05, 1.904068994917906e-05, 1.447992417524802e-05, 1.143189547292423e-05, 8.54305035318248e-05, 1.940517500042915e-02, 7.993073016405106e-02, 1.467750668525696e-01, 2.081427723169327e-01, 2.456252127885818e-01, 2.365608364343643e-01, 2.341787666082382e-01, 2.689791023731232e-01, 2.795745730400085e-01, 2.789775133132935e-01, 2.72160530090332e-01, 2.633658945560455e-01, 2.513081729412079e-01, 2.413012236356735e-01, 2.349545955657959e-01, 2.131225019693375e-01, 1.702833920717239e-01, 1.261786371469498e-01, 7.868713140487671e-02, -2.247079779194028e-11, -3.947833032702519e-11, -3.517279870135503e-11, -2.54087072562581e-12, 5.485834768219344e-13, 4.253056240521857e-12, -2.850091516959363e-11, -3.378580748503168e-11, -3.871971840374577e-11, -3.845685228598406e-11, -3.755239869063232e-11, -3.548961471921963e-11, -2.637901008739618e-11, -2.50080442465439e-11, -4.1064155548165e-11, -3.793733036050462e-11, -3.463198824937876e-11, -3.642160878447602e-11, -1.220267897145133e-11, -1.616639981605328e-11, -2.64288625706488e-11, -6.317268236299967e-11, 1.454376706533367e-05, 1.396029711031588e-05, 1.337030880677048e-05, 1.309937943005934e-05, 1.304224770137807e-05, 1.218414217873942e-05, 9.895408293233315e-04, 3.505381196737268e-02, 5.665926262736303e-02, 7.376725226640701e-02, 9.367354959249496e-02, 1.120056211948395e-01, 1.264679133892059e-01, 1.423085480928421e-01, 1.434949040412903e-01, 1.552033573389053e-01, 1.789609789848328e-01, 1.5447136759758e-01, 1.482554972171783e-01, 1.484487652778625e-01, 1.545490026473999e-01, 1.67457640171051e-01, 1.658407300710678e-01, 1.299801170825958e-01, 1.054118424654007e-01, 8.328212052583694e-02, 5.529098585247993e-02, 3.558489307761192e-02, -4.085099619688393e-11, -4.200505915319397e-11, -4.233742176285027e-11, -3.092525888148678e-11, -2.366253894214854e-11, -1.629869156305475e-11, -1.428523965785189e-11, -5.15507688619854e-12, -9.345457350692921e-13, -3.960476911701871e-12, 1.520261867782313e-11]
eas.vavCol.m_flow=[0e+00, 4.886876927429062e-12, 5.13441025806749e-12, 3.075393889204192e-12, 4.39834583684795e-12, 4.827494740761162e-12, 4.851131215483084e-12, 9.15716027310998e-12, 1.21282862225458e-11, 1.257659601461292e-11, 8.239270377075059e-12, 1.073045645394455e-11, 1.353282641503029e-05, 1.461034207750345e-05, 1.467301171942381e-05, 1.466957746742992e-05, 1.456187601434067e-05, 1.35612071971991e-05, 1.031292322295485e-05, 4.757345013786107e-04, 5.559010431170464e-02, 5.939893797039986e-02, 7.643341273069382e-02, 8.834820240736008e-02, 9.171340614557266e-02, 9.608631581068039e-02, 9.044219553470612e-02, 9.200165420770645e-02, 1.139365881681443e-01, 1.181073039770126e-01, 1.178112104535103e-01, 1.170858293771744e-01, 1.164240092039108e-01, 1.168788447976112e-01, 1.159396097064018e-01, 1.174781993031502e-01, 1.071060597896576e-01, 8.174401521682739e-02, 5.583284422755241e-02, 2.850713953375816e-02, 1.184999060682701e-11, 5.928126912968512e-12, -1.465081875262619e-11, -3.391028994062517e-12, 3.237979274896968e-13, -5.046468451452846e-12, 5.012275750698736e-12, 9.240533685450636e-12, 1.090870709735681e-11, 1.392288975082812e-11, 1.588351151993184e-11, 8.825857579497498e-12, 3.568602444797841e-12, 2.048271274812663e-11, 2.442208761610498e-11, 2.276308828930147e-11, 1.687120061710751e-11, -5.881795484691045e-12, -9.644168276479181e-12, -5.922919706774499e-12, 3.49543068101088e-11, 1.479024021311393e-11, 1.035839250107529e-05, 9.942807992047165e-06, 9.522532309347298e-06, 9.329446584160905e-06, 9.288678484153934e-06, 1.269451968255453e-05, 6.026146933436661e-03, 4.381467401981338e-02, 5.741176381707182e-02, 6.772370636463165e-02, 8.360233902931213e-02, 9.851238131523132e-02, 1.037260070443153e-01, 1.086130663752556e-01, 1.053056269884109e-01, 1.131915152072906e-01, 1.30458265542984e-01, 1.189713180065155e-01, 1.145581677556038e-01, 1.141813769936562e-01, 1.17769293487072e-01, 1.235827952623367e-01, 1.204251348972321e-01, 1.3034687936306e-01, 1.126149371266365e-01, 7.448728382587433e-02, 5.448532849550247e-02, 4.024628922343254e-02, -2.083873872071873e-11, -1.777887559395452e-11, -1.485976099113717e-11, -1.392922149151543e-11, -1.988518551210294e-11, -3.087114938682411e-11, -3.995135472445455e-11, -7.542681756955716e-12, -6.698624402563802e-13, 4.241245809416538e-12, 1.619518234796669e-11]
nor.vavCol.m_flow=[0e+00, 7.273621375342154e-12, 9.985431752290719e-12, 1.664797119604877e-11, 2.301116241998358e-11, 2.12659664183823e-11, 1.689968998075386e-11, 2.303076652998559e-11, 2.574475355121564e-11, 2.824717890148598e-11, 2.766749850058314e-11, 2.314055717878016e-11, 2.612625212350395e-05, 2.820646477630362e-05, 2.832745121850166e-05, 2.832082464010455e-05, 2.811289778037462e-05, 2.618104554130694e-05, 1.991001590795349e-05, 1.571882603457198e-05, 7.511328440159559e-04, 1.63351409137249e-02, 3.360368683934212e-02, 5.644542723894119e-02, 8.381430059671402e-02, 1.104804873466492e-01, 1.18082620203495e-01, 1.339481472969055e-01, 1.764491349458695e-01, 1.823165267705917e-01, 1.782402098178864e-01, 1.759097278118134e-01, 1.74097403883934e-01, 1.72586664557457e-01, 1.727388799190521e-01, 1.74291580915451e-01, 1.624882221221924e-01, 1.396659761667252e-01, 1.184181496500969e-01, 8.860777318477631e-02, 2.176009372689691e-11, 8.281791051556464e-12, 9.56019876978409e-13, -8.089988748349874e-12, 5.499385126971068e-13, 1.602978166870273e-11, 2.002328684802546e-11, 1.547142795821355e-11, 1.233908461517608e-11, 9.332895567482069e-12, 9.233295551747123e-12, 8.412428739723588e-12, 7.265970811132227e-12, 3.006639381908371e-11, 1.993727578863957e-11, 1.743184069313835e-11, 2.156767993366448e-11, 1.944315802110487e-12, 2.010648071648635e-11, 2.708362527303887e-11, 5.331432170740946e-11, -7.046228292680035e-13, 3.09631104755681e-05, 1.578713417984545e-04, 5.367673584260046e-04, 1.184849301353097e-03, 1.586957019753754e-03, 6.171190645545721e-03, 5.900837853550976e-02, 1.26960828900337e-01, 1.495839357376097e-01, 1.667365878820419e-01, 1.82422399520874e-01, 1.893427520990372e-01, 1.862286180257797e-01, 1.857590526342392e-01, 1.801563948392868e-01, 1.853578686714172e-01, 1.926043182611465e-01, 1.799606829881668e-01, 1.7967888712883e-01, 1.816159039735794e-01, 1.874722987413406e-01, 1.936478614807129e-01, 1.964356601238251e-01, 1.927105784416199e-01, 1.759893745183945e-01, 1.498944610357285e-01, 1.399622857570648e-01, 1.357472836971283e-01, 3.962421363246094e-11, 3.854913957490602e-11, 4.037262191225466e-11, 6.484449782684365e-11, 6.683031905652115e-11, 2.842293414517805e-11, -2.994894610086618e-11, -1.994725391807339e-11, -1.275304297929103e-12, 9.786010543577639e-12, -3.625263630957498e-11]
wes.vavCol.m_flow=[0e+00, -1.96657846257553e-11, -1.962290226142915e-11, -2.104765146893062e-11, -1.987432614314333e-11, -1.710601452153959e-11, -1.26231984934333e-11, -1.033837338654254e-11, -1.306146857338319e-11, -1.300571282614182e-11, -1.655779159615012e-11, -1.524529807950259e-11, 1.503648854850326e-05, 1.62337291840231e-05, 1.630336191738024e-05, 1.629954931559041e-05, 1.617987982172053e-05, 1.506802618678193e-05, 1.145882106357021e-05, 9.046641025634017e-06, 1.255825827684021e-05, 1.701171277090907e-04, 2.240096451714635e-03, 1.054017525166273e-02, 2.209498733282089e-02, 3.522332757711411e-02, 3.946201130747795e-02, 5.165751650929451e-02, 8.494455367326743e-02, 1.003419980406761e-01, 1.11394576728344e-01, 1.194315701723099e-01, 1.235621124505997e-01, 1.244636252522469e-01, 1.238267049193382e-01, 1.232716664671898e-01, 1.138838678598404e-01, 9.435165673494339e-02, 6.875590980052948e-02, 4.230945184826851e-02, 2.221358340326329e-11, 1.523222520338763e-11, 7.963410313116537e-12, -1.429974519871757e-12, 4.505206158220837e-13, 6.038300935651275e-12, 2.569110722772106e-11, 1.968363666504658e-11, 1.158150311764139e-11, 7.447397733229e-12, 5.002184864238979e-12, 8.140079756080443e-12, 1.323311859396936e-11, 2.027902498702439e-11, 1.746378757751244e-12, 4.335475121269906e-12, 1.389650807620524e-11, 1.425484036365891e-11, 8.700906314884627e-12, 1.813204447698169e-11, 4.091312011400561e-11, -1.131517102237467e-11, 1.150933621829608e-05, 1.104754210246028e-05, 2.01358889171388e-05, 4.692757283919491e-05, 6.303292320808396e-05, 3.586586972232908e-04, 2.125747501850169e-02, 6.774944812059386e-02, 8.54929611086844e-02, 9.939123690128326e-02, 1.139220297336578e-01, 1.233898624777794e-01, 1.273044049739838e-01, 1.294286251068115e-01, 1.244070306420326e-01, 1.292096674442291e-01, 1.357618570327759e-01, 1.267450600862503e-01, 1.244009435176849e-01, 1.245888322591782e-01, 1.283233612775803e-01, 1.327568590641022e-01, 1.322220265865326e-01, 1.47991955280304e-01, 1.283334195613861e-01, 9.368594735860825e-02, 8.902930468320847e-02, 8.671168982982635e-02, 2.03940839910155e-11, 2.328197530598874e-11, 2.680399478760531e-11, 3.223557878961891e-11, 2.509295549124602e-11, 3.415290836597529e-12, -1.504976004929048e-11, -1.806491479842964e-12, -7.420568066268673e-13, 9.240258731779694e-12, -9.809864726095796e-12]
>>>>>>> master
weaDat.weaBus.TDryBul=[2.609500122070312e+02, 2.608676452636719e+02, 2.609342651367188e+02, 2.61153564453125e+02, 2.614064331054688e+02, 2.616917419433594e+02, 2.619866027832031e+02, 2.621011047363281e+02, 2.620299682617188e+02, 2.62211181640625e+02, 2.625067138671875e+02, 2.625499877929688e+02, 2.625499877929688e+02, 2.625499877929688e+02, 2.625499877929688e+02, 2.625875549316406e+02, 2.628901062011719e+02, 2.632776489257812e+02, 2.637460632324219e+02, 2.6446923828125e+02, 2.655892028808594e+02, 2.665859985351562e+02, 2.674020080566406e+02, 2.682179870605469e+02, 2.690339965820312e+02, 2.698500061035156e+02, 2.704558715820312e+02, 2.709069213867188e+02, 2.715532531738281e+02, 2.720364685058594e+02, 2.720499877929688e+02, 2.720499877929688e+02, 2.720499877929688e+02, 2.720499877929688e+02, 2.720499877929688e+02, 2.720499877929688e+02, 2.719675598144531e+02, 2.716164855957031e+02, 2.713160400390625e+02, 2.71072998046875e+02, 2.710076599121094e+02, 2.717365112304688e+02, 2.720211181640625e+02, 2.716227111816406e+02, 2.714859924316406e+02, 2.718775329589844e+02, 2.7202783203125e+02, 2.717281494140625e+02, 2.714362182617188e+02, 2.714474182128906e+02, 2.714500122070312e+02, 2.704067077636719e+02, 2.692704162597656e+02, 2.696753845214844e+02, 2.703369750976562e+02, 2.701487121582031e+02, 2.698616027832031e+02, 2.69929931640625e+02, 2.702106018066406e+02, 2.708657531738281e+02, 2.718394165039062e+02, 2.721007690429688e+02, 2.720183410644531e+02, 2.721641845703125e+02, 2.724365844726562e+02, 2.725657043457031e+02, 2.72480224609375e+02, 2.7264599609375e+02, 2.729339904785156e+02, 2.732219848632812e+02, 2.73510009765625e+02, 2.738106079101562e+02, 2.744635620117188e+02, 2.748500061035156e+02, 2.748500061035156e+02, 2.748500061035156e+02, 2.748500061035156e+02, 2.748500061035156e+02, 2.742786560058594e+02, 2.732598266601562e+02, 2.727458801269531e+02, 2.725348205566406e+02, 2.729032287597656e+02, 2.736190795898438e+02, 2.73848876953125e+02, 2.738165588378906e+02, 2.734445495605469e+02, 2.726629028320312e+02, 2.727448425292969e+02, 2.734616394042969e+02, 2.738507690429688e+02, 2.740790100097656e+02, 2.743446655273438e+02, 2.746334838867188e+02, 2.749204406738281e+02, 2.751761474609375e+02, 2.753359069824219e+02, 2.740944213867188e+02, 2.731499938964844e+02, 2.731499938964844e+02, 2.731499938964844e+02]
weaDat.weaBus.HGloHor=[0e+00, 0e+00, 0e+00, 0e+00, 0e+00, 0e+00, 0e+00, 0e+00, 0e+00, 0e+00, 0e+00, 0e+00, 0e+00, 0e+00, 5.802299890384269e-16, 3.419684171676636e+00, 2.249310874938965e+01, 7.238067626953138e+01, 1.324998474121094e+02, 1.955897369384766e+02, 2.557314453125e+02, 3.044623718261719e+02, 3.458858337402344e+02, 3.703623657226562e+02, 3.628850402832031e+02, 2.981751403808594e+02, 2.322208404541016e+02, 2.079606781005859e+02, 1.835730590820311e+02, 1.543350830078125e+02, 1.243963775634766e+02, 9.180991363525391e+01, 5.740960693359375e+01, 2.763039588928223e+01, 8.266829490661578e+00, 2.312187433242813e+00, 2.066075056791306e-01, 0e+00, 0e+00, 0e+00, 0e+00, 0e+00, 0e+00, 0e+00, 0e+00, 0e+00, 0e+00, 0e+00, 0e+00, 0e+00, 0e+00, 0e+00, 0e+00, 0e+00, 0e+00, 0e+00, 0e+00, 0e+00, 0e+00, 0e+00, 0e+00, 0e+00, 0e+00, 0e+00, 4.964398443698883e-01, 4.345361709594727e+00, 1.150661659240723e+01, 2.939430809020996e+01, 5.460244750976594e+01, 9.662947845458947e+01, 1.262883834838866e+02, 1.288179473876953e+02, 1.350611572265625e+02, 1.572942962646484e+02, 1.765086517333984e+02, 1.851353454589844e+02, 1.861397705078125e+02, 1.800178680419922e+02, 1.679496307373047e+02, 1.502548217773438e+02, 1.274680023193359e+02, 9.702375793457031e+01, 6.269397354125977e+01, 3.512522506713867e+01, 1.464144802093506e+01, 4.900000095367432e+00, 4.839999973773956e-01, 0e+00, 0e+00, 0e+00, 0e+00, 0e+00, 0e+00, 0e+00, 0e+00, 0e+00, 0e+00, 0e+00, 0e+00, 0e+00, 0e+00]
weaDat.weaBus.HDifHor=[0e+00, 0e+00, 0e+00, 0e+00, 0e+00, 0e+00, 0e+00, 0e+00, 0e+00, 0e+00, 0e+00, 0e+00, 0e+00, 0e+00, 4.18344348669057e-01, 4.644347667694092e+00, 1.503497886657715e+01, 3.449338150024418e+01, 5.088907623291016e+01, 6.271455001831055e+01, 7.274771881103516e+01, 7.534196472167969e+01, 8.180593109130859e+01, 1.134208297729492e+02, 1.447617645263672e+02, 1.593369750976562e+02, 1.67761474609375e+02, 1.717010498046875e+02, 1.635293426513671e+02, 1.340671234130859e+02, 9.878334808349609e+01, 7.318860626220703e+01, 4.95115852355957e+01, 2.715276718139648e+01, 8.81437397003169e+00, 1.758235335350053e+00, 6.434352695941925e-02, 0e+00, 0e+00, 0e+00, 0e+00, 0e+00, 0e+00, 0e+00, 0e+00, 0e+00, 0e+00, 0e+00, 0e+00, 0e+00, 0e+00, 0e+00, 0e+00, 0e+00, 0e+00, 0e+00, 0e+00, 0e+00, 0e+00, 0e+00, 0e+00, 0e+00, 0e+00, 0e+00, 5.067480206489563e-01, 4.385499954223633e+00, 1.141065120697021e+01, 2.876775169372559e+01, 5.352061843872102e+01, 9.560803985595666e+01, 1.25285919189453e+02, 1.283971557617188e+02, 1.350645446777344e+02, 1.574091339111328e+02, 1.764910888671875e+02, 1.845002899169922e+02, 1.851361541748047e+02, 1.793896179199219e+02, 1.678938293457031e+02, 1.504030456542969e+02, 1.274956817626953e+02, 9.698798370361328e+01, 6.268984603881836e+01, 3.512522506713867e+01, 1.464144802093506e+01, 4.900000095367432e+00, 4.839999973773956e-01, 0e+00, 0e+00, 0e+00, 0e+00, 0e+00, 0e+00, 0e+00, 0e+00, 0e+00, 0e+00, 0e+00, 0e+00, 0e+00, 0e+00]
conEco.VOut_flow_min=[2.145179271697998e+00, 2.145179271697998e+00]
<<<<<<< HEAD
conEco.VOut_flow=[0e+00, 1.784749485977954e-07, 1.814832302216018e-07, 1.665533773120842e-07, 1.419423796278352e-07, 1.106444926790573e-07, 7.339402685602181e-08, 7.685400760237827e-08, 8.81643984484981e-08, 1.022307998255201e-07, 1.189017240221801e-07, 1.010821364388903e-07, 1.196531414985657e+00, 1.022076845169067e+00, 9.753487110137939e-01, 9.619932770729065e-01, 9.694674015045166e-01, 1.007473111152649e+00, 1.119982004165649e+00, 1.250949859619141e+00, 1.335116386413574e+00, 1.416688799858093e+00, 1.495797872543335e+00, 1.577923059463501e+00, 1.664610266685486e+00, 1.750819444656372e+00, 1.790876507759094e+00, 1.839615821838379e+00, 1.961260795593262e+00, 2.027624368667603e+00, 2.046531200408936e+00, 2.053791046142578e+00, 2.05595850944519e+00, 2.055385828018188e+00, 2.055006980895996e+00, 2.056657075881958e+00, 2.028246879577637e+00, 1.930224776268005e+00, 1.828054428100586e+00, 1.721073508262634e+00, 1.300090701761292e-07, 1.742356516842847e-07, 8.419961972094825e-08, 7.550938541101004e-09, 4.666991793023101e-10, 4.314121326842724e-08, 1.366238819855425e-07, 1.694493363402216e-07, 1.94331562397565e-07, 1.738463595302164e-07, 1.606529167474946e-07, 1.360584036547152e-07, 1.040449149058986e-07, 1.783295289214948e-07, 1.861328371433046e-07, 1.735855050810644e-07, 1.984175668212627e-07, 1.078791456166083e-07, 7.20182740110431e-08, 9.087288077580524e-08, 3.197061175796989e-07, 2.465912700699846e-07, 1.773084282875061e+00, 1.676994562149048e+00, 1.662564158439636e+00, 1.663049221038818e+00, 1.653412938117981e+00, 1.697725772857666e+00, 1.843744039535524e+00, 1.975184798240661e+00, 2.032745838165283e+00, 2.089097499847412e+00, 2.181520223617554e+00, 2.261546611785889e+00, 2.291655302047729e+00, 2.314004898071289e+00, 2.304203748703003e+00, 2.321926593780518e+00, 2.326006889343262e+00, 2.204841136932373e+00, 2.134631633758545e+00, 2.102593898773193e+00, 2.130915880203247e+00, 2.206722497940063e+00, 2.239964962005615e+00, 2.242030143737793e+00, 2.180246114730835e+00, 2.037886142730713e+00, 1.978133320808411e+00, 1.986467480659485e+00, 1.6470461616791e-07, 1.492345802489581e-07, 1.523347350484983e-07, 2.06452440920657e-07, 3.384228364211594e-07, 3.814288049852621e-07, 2.41859822835977e-07, 1.352002865218083e-08, 4.032775891005258e-09, 2.86136128124781e-08, 9.087172259114595e-08]
conEco.yOA=[0e+00, 0e+00, 0e+00, 0e+00, 0e+00, 0e+00, 0e+00, 0e+00, 0e+00, 0e+00, 0e+00, 0e+00, 6.377677917480469e-01, 6.1273592710495e-01, 6.053282618522644e-01, 6.032085418701172e-01, 6.039954423904419e-01, 6.054327487945557e-01, 6.063194870948792e-01, 6.091336011886597e-01, 6.160433292388916e-01, 6.234835386276245e-01, 6.303252577781677e-01, 6.37609601020813e-01, 6.456422805786133e-01, 6.545834541320801e-01, 6.62547767162323e-01, 6.690400242805481e-01, 6.780349612236023e-01, 6.863279938697815e-01, 6.882515549659729e-01, 6.889041066169739e-01, 6.891770958900452e-01, 6.89303457736969e-01, 6.893610954284668e-01, 6.893928647041321e-01, 6.883426308631897e-01, 6.834457516670227e-01, 6.789522171020508e-01, 6.755774021148682e-01, 0e+00, 0e+00, 0e+00, 0e+00, 0e+00, 0e+00, 0e+00, 0e+00, 0e+00, 0e+00, 0e+00, 0e+00, 0e+00, 0e+00, 0e+00, 0e+00, 0e+00, 0e+00, 0e+00, 0e+00, 0e+00, 0e+00, 7.520005106925964e-01, 7.151157855987549e-01, 7.05780029296875e-01, 7.034278512001038e-01, 7.005908489227295e-01, 7.020896673202515e-01, 7.065332531929016e-01, 7.123052477836609e-01, 7.19002604484558e-01, 7.265543937683105e-01, 7.427189350128174e-01, 7.575544714927673e-01, 7.621051073074341e-01, 7.643085122108459e-01, 7.65398383140564e-01, 7.659047245979309e-01, 7.519935965538025e-01, 7.252415418624878e-01, 7.097585201263428e-01, 7.022463083267212e-01, 7.060455083847046e-01, 7.195440530776978e-01, 7.273143529891968e-01, 7.287790179252625e-01, 7.223241329193115e-01, 7.067438960075378e-01, 7.047310471534729e-01, 7.166919708251953e-01, 0e+00, 0e+00, 0e+00, 0e+00, 0e+00, 0e+00, 0e+00, 0e+00, 0e+00, 0e+00, 0e+00]
conEco.yOATFre.y=[8.00000011920929e-01, 1e+00, 1e+00, 1e+00, 1e+00, 1e+00, 1e+00, 1e+00, 1e+00, 1e+00, 1e+00, 1e+00, 6.377677917480469e-01, 6.1273592710495e-01, 6.053282618522644e-01, 6.032085418701172e-01, 6.039954423904419e-01, 6.054327487945557e-01, 6.063194870948792e-01, 6.091336011886597e-01, 6.160433292388916e-01, 6.234835386276245e-01, 6.303252577781677e-01, 6.37609601020813e-01, 6.456422805786133e-01, 6.545834541320801e-01, 6.62547767162323e-01, 6.690400242805481e-01, 6.780349612236023e-01, 6.863279938697815e-01, 6.882515549659729e-01, 6.889041066169739e-01, 6.891770958900452e-01, 6.89303457736969e-01, 6.893610954284668e-01, 6.893928647041321e-01, 6.883426308631897e-01, 6.834457516670227e-01, 6.789522171020508e-01, 6.755774021148682e-01, 1e+00, 1e+00, 1e+00, 1e+00, 1e+00, 1e+00, 1e+00, 1e+00, 1e+00, 1e+00, 1e+00, 1e+00, 1e+00, 1e+00, 1e+00, 1e+00, 1e+00, 1e+00, 1e+00, 1e+00, 1e+00, 1e+00, 7.520005106925964e-01, 7.151157855987549e-01, 7.05780029296875e-01, 7.034278512001038e-01, 7.005908489227295e-01, 7.020896673202515e-01, 7.065332531929016e-01, 7.123052477836609e-01, 7.19002604484558e-01, 7.265543937683105e-01, 7.427189350128174e-01, 7.575544714927673e-01, 7.621051073074341e-01, 7.643085122108459e-01, 7.65398383140564e-01, 7.659047245979309e-01, 7.519935965538025e-01, 7.252415418624878e-01, 7.097585201263428e-01, 7.022463083267212e-01, 7.060455083847046e-01, 7.195440530776978e-01, 7.273143529891968e-01, 7.287790179252625e-01, 7.223241329193115e-01, 7.067438960075378e-01, 7.047310471534729e-01, 7.166919708251953e-01, 1e+00, 1e+00, 1e+00, 1e+00, 1e+00, 1e+00, 1e+00, 1e+00, 1e+00, 1e+00, 1e+00]
conEco.conV_flow.y=[5.000000074505806e-02, 1.219999864697456e-01, 1.939999908208847e-01, 2.65999972820282e-01, 3.379999697208405e-01, 4.099999666213989e-01, 4.819999635219574e-01, 5.53999960422516e-01, 6.259999871253967e-01, 6.979999542236328e-01, 7.699999809265137e-01, 8.419999480247498e-01, 8.700538873672485e-01, 9.096042513847351e-01, 9.493264555931092e-01, 9.891858100891113e-01, 1e+00, 1e+00, 1e+00, 1e+00, 1e+00, 1e+00, 1e+00, 1e+00, 1e+00, 1e+00, 1e+00, 1e+00, 1e+00, 1e+00, 1e+00, 1e+00, 1e+00, 1e+00, 1e+00, 1e+00, 1e+00, 1e+00, 1e+00, 1e+00, 1e+00, 1e+00, 1e+00, 1e+00, 1e+00, 1e+00, 1e+00, 1e+00, 1e+00, 1e+00, 1e+00, 1e+00, 1e+00, 1e+00, 1e+00, 1e+00, 1e+00, 1e+00, 1e+00, 1e+00, 1e+00, 1e+00, 1e+00, 1e+00, 1e+00, 1e+00, 1e+00, 1e+00, 1e+00, 1e+00, 1e+00, 1e+00, 9.988232254981995e-01, 9.941947460174561e-01, 9.89046573638916e-01, 9.832201600074768e-01, 9.78312075138092e-01, 9.722626805305481e-01, 9.652244448661804e-01, 9.640534520149231e-01, 9.649816155433655e-01, 9.667400717735291e-01, 9.672690629959106e-01, 9.646968245506287e-01, 9.611412286758423e-01, 9.578417539596558e-01, 9.56622838973999e-01, 9.612279534339905e-01, 9.675531387329102e-01, 9.728505611419678e-01, 1e+00, 1e+00, 1e+00, 1e+00, 1e+00, 1e+00, 1e+00, 1e+00, 1e+00, 1e+00, 1e+00]
conEco.uOATSup=[3.499999940395355e-01, 8.539677858352661e-01, 1e+00, 1e+00, 1e+00, 1e+00, 1e+00, 1e+00, 1e+00, 1e+00, 1e+00, 1e+00, 9.658093005418777e-02, 0e+00, 0e+00, 0e+00, 0e+00, 0e+00, 0e+00, 0e+00, 0e+00, 0e+00, 0e+00, 0e+00, 0e+00, 0e+00, 0e+00, 0e+00, 0e+00, 0e+00, 0e+00, 0e+00, 0e+00, 0e+00, 0e+00, 0e+00, 0e+00, 0e+00, 0e+00, 0e+00, 2.791532278060913e-01, 4.974904358386993e-01, 7.158275842666626e-01, 9.341645836830139e-01, 1e+00, 1e+00, 1e+00, 1e+00, 1e+00, 1e+00, 1e+00, 1e+00, 1e+00, 1e+00, 1e+00, 1e+00, 1e+00, 1e+00, 1e+00, 1e+00, 1e+00, 1e+00, 1.761225610971451e-01, 0e+00, 0e+00, 0e+00, 0e+00, 0e+00, 0e+00, 0e+00, 0e+00, 0e+00, 0e+00, 0e+00, 0e+00, 0e+00, 0e+00, 0e+00, 0e+00, 0e+00, 0e+00, 0e+00, 0e+00, 0e+00, 0e+00, 0e+00, 0e+00, 0e+00, 0e+00, 0e+00, 3.059256672859192e-01, 5.490977168083191e-01, 7.922698259353638e-01, 1e+00, 1e+00, 1e+00, 1e+00, 1e+00, 1e+00, 1e+00, 1e+00]
=======
conEco.VOut_flow=[0e+00, 1.784751475497615e-07, 1.81494399953408e-07, 1.666879683170919e-07, 1.419427206883483e-07, 1.095955042273999e-07, 7.477104446707017e-08, 7.74007986592551e-08, 9.391888511345314e-08, 9.86895614119021e-08, 1.188187965794896e-07, 9.648442755860742e-08, 1.132895350456238e+00, 9.370969533920288e-01, 8.926825523376465e-01, 8.809860944747925e-01, 8.904903531074524e-01, 9.514501690864566e-01, 1.111775636672974e+00, 1.226001024246216e+00, 1.309581279754639e+00, 1.382306098937988e+00, 1.46194863319397e+00, 1.56825864315033e+00, 1.676223635673523e+00, 1.77892541885376e+00, 1.817629218101501e+00, 1.873129963874817e+00, 2.025591135025025e+00, 2.097179651260376e+00, 2.114089727401733e+00, 2.120086431503296e+00, 2.120777130126953e+00, 2.117706775665283e+00, 2.114726543426514e+00, 2.11582350730896e+00, 2.06986665725708e+00, 1.956778764724731e+00, 1.840201497077942e+00, 1.717932105064392e+00, 1.300100933576687e-07, 1.742341453336849e-07, 8.196314382757919e-08, 7.314481020870289e-09, 3.111118307419503e-10, 6.239451266765172e-08, 1.343697988431813e-07, 1.699392697673829e-07, 1.942825349487975e-07, 1.72841936318946e-07, 1.606638164730612e-07, 1.522503083606352e-07, 9.990158389427961e-08, 1.849461170877476e-07, 1.86874302698925e-07, 1.755981315909595e-07, 2.123886133631455e-07, 1.088592540554609e-07, 7.24723960843221e-08, 7.991362593884332e-08, 4.325158613482927e-07, 2.466580895088555e-07, 1.730004191398621e+00, 1.651470899581909e+00, 1.644720554351807e+00, 1.647657155990601e+00, 1.639620423316956e+00, 1.678698897361755e+00, 1.796329498291017e+00, 1.963295102119445e+00, 2.043318033218383e+00, 2.11387300491333e+00, 2.218491792678833e+00, 2.3016676902771e+00, 2.329131841659546e+00, 2.350970029830933e+00, 2.333903074264526e+00, 2.355455160140991e+00, 2.37122654914856e+00, 2.239187002182007e+00, 2.17102575302124e+00, 2.142081022262573e+00, 2.174825668334961e+00, 2.254369974136353e+00, 2.283499956130981e+00, 2.279469966888428e+00, 2.1925950050354e+00, 2.033323049545288e+00, 1.965795040130615e+00, 1.964075803756714e+00, 1.647044882702176e-07, 1.492345376163939e-07, 1.524530972574212e-07, 2.067738620326054e-07, 3.394467000816803e-07, 3.815025024778151e-07, 2.454412708630116e-07, 2.193437254049968e-08, -2.502471667387152e-11, 3.0052863309038e-08, 9.088352470598693e-08]
conEco.yOA=[0e+00, 0e+00, 0e+00, 0e+00, 0e+00, 0e+00, 0e+00, 0e+00, 0e+00, 0e+00, 0e+00, 0e+00, 6.377913951873779e-01, 6.114317178726196e-01, 6.035060882568359e-01, 6.01219654083252e-01, 6.018772125244141e-01, 6.027975678443909e-01, 6.030933260917664e-01, 6.068775653839111e-01, 6.142234206199646e-01, 6.219044327735901e-01, 6.28639817237854e-01, 6.355609893798828e-01, 6.432602405548096e-01, 6.519954204559326e-01, 6.599867343902588e-01, 6.664198637008667e-01, 6.751478314399719e-01, 6.835311055183411e-01, 6.853910684585571e-01, 6.860648989677429e-01, 6.863572001457214e-01, 6.865182518959045e-01, 6.866162419319153e-01, 6.866684556007385e-01, 6.85759961605072e-01, 6.810396909713745e-01, 6.766870021820068e-01, 6.734095811843872e-01, 0e+00, 0e+00, 0e+00, 0e+00, 0e+00, 0e+00, 0e+00, 0e+00, 0e+00, 0e+00, 0e+00, 0e+00, 0e+00, 0e+00, 0e+00, 0e+00, 0e+00, 0e+00, 0e+00, 0e+00, 0e+00, 0e+00, 7.464772462844849e-01, 7.116382122039795e-01, 7.030065059661865e-01, 7.009488940238953e-01, 6.982200741767883e-01, 6.998980641365051e-01, 7.050259709358215e-01, 7.106817364692688e-01, 7.171201705932616e-01, 7.245035767555237e-01, 7.405462861061096e-01, 7.553914189338684e-01, 7.599511742591858e-01, 7.621728181838989e-01, 7.633380889892578e-01, 7.638245820999146e-01, 7.497656941413879e-01, 7.229927778244019e-01, 7.075061798095703e-01, 6.999319791793823e-01, 7.036694884300232e-01, 7.172009944915771e-01, 7.249108552932739e-01, 7.264083027839661e-01, 7.201557159423828e-01, 7.048445343971252e-01, 7.029712796211243e-01, 7.150983214378357e-01, 0e+00, 0e+00, 0e+00, 0e+00, 0e+00, 0e+00, 0e+00, 0e+00, 0e+00, 0e+00, 0e+00]
conEco.yOATFre.y=[8.00000011920929e-01, 1e+00, 1e+00, 1e+00, 1e+00, 1e+00, 1e+00, 1e+00, 1e+00, 1e+00, 1e+00, 1e+00, 6.377913951873779e-01, 6.114317178726196e-01, 6.035060882568359e-01, 6.01219654083252e-01, 6.018772125244141e-01, 6.027975678443909e-01, 6.030933260917664e-01, 6.068775653839111e-01, 6.142234206199646e-01, 6.219044327735901e-01, 6.28639817237854e-01, 6.355609893798828e-01, 6.432602405548096e-01, 6.519954204559326e-01, 6.599867343902588e-01, 6.664198637008667e-01, 6.751478314399719e-01, 6.835311055183411e-01, 6.853910684585571e-01, 6.860648989677429e-01, 6.863572001457214e-01, 6.865182518959045e-01, 6.866162419319153e-01, 6.866684556007385e-01, 6.85759961605072e-01, 6.810396909713745e-01, 6.766870021820068e-01, 6.734095811843872e-01, 1e+00, 1e+00, 1e+00, 1e+00, 1e+00, 1e+00, 1e+00, 1e+00, 1e+00, 1e+00, 1e+00, 1e+00, 1e+00, 1e+00, 1e+00, 1e+00, 1e+00, 1e+00, 1e+00, 1e+00, 1e+00, 1e+00, 7.464772462844849e-01, 7.116382122039795e-01, 7.030065059661865e-01, 7.009488940238953e-01, 6.982200741767883e-01, 6.998980641365051e-01, 7.050259709358215e-01, 7.106817364692688e-01, 7.171201705932616e-01, 7.245035767555237e-01, 7.405462861061096e-01, 7.553914189338684e-01, 7.599511742591858e-01, 7.621728181838989e-01, 7.633380889892578e-01, 7.638245820999146e-01, 7.497656941413879e-01, 7.229927778244019e-01, 7.075061798095703e-01, 6.999319791793823e-01, 7.036694884300232e-01, 7.172009944915771e-01, 7.249108552932739e-01, 7.264083027839661e-01, 7.201557159423828e-01, 7.048445343971252e-01, 7.029712796211243e-01, 7.150983214378357e-01, 1e+00, 1e+00, 1e+00, 1e+00, 1e+00, 1e+00, 1e+00, 1e+00, 1e+00, 1e+00, 1e+00]
conEco.conV_flow.y=[5.000000074505806e-02, 1.219999864697456e-01, 1.939999908208847e-01, 2.65999972820282e-01, 3.379999697208405e-01, 4.099999666213989e-01, 4.819999635219574e-01, 5.53999960422516e-01, 6.259999871253967e-01, 6.979999542236328e-01, 7.699999809265137e-01, 8.419999480247498e-01, 8.745986223220825e-01, 9.172906279563904e-01, 9.5977121591568e-01, 1e+00, 1e+00, 1e+00, 1e+00, 1e+00, 1e+00, 1e+00, 1e+00, 1e+00, 1e+00, 1e+00, 1e+00, 1e+00, 1e+00, 1e+00, 1e+00, 1e+00, 1e+00, 1e+00, 1e+00, 1e+00, 1e+00, 1e+00, 1e+00, 1e+00, 1e+00, 1e+00, 1e+00, 1e+00, 1e+00, 1e+00, 1e+00, 1e+00, 1e+00, 1e+00, 1e+00, 1e+00, 1e+00, 1e+00, 1e+00, 1e+00, 1e+00, 1e+00, 1e+00, 1e+00, 1e+00, 1e+00, 1e+00, 1e+00, 1e+00, 1e+00, 1e+00, 1e+00, 1e+00, 1e+00, 1e+00, 1e+00, 9.973384141921997e-01, 9.912990927696228e-01, 9.849187135696411e-01, 9.778596758842468e-01, 9.722453951835632e-01, 9.65040922164917e-01, 9.558971524238586e-01, 9.536955952644348e-01, 9.533907771110535e-01, 9.538048505783081e-01, 9.528403878211975e-01, 9.486383199691772e-01, 9.436404705047607e-01, 9.391471147537231e-01, 9.375542998313904e-01, 9.424793124198914e-01, 9.49261486530304e-01, 9.553941488265991e-01, 1e+00, 1e+00, 1e+00, 1e+00, 1e+00, 1e+00, 1e+00, 1e+00, 1e+00, 1e+00, 1e+00]
conEco.uOATSup=[3.499999940395355e-01, 8.539701700210571e-01, 1e+00, 1e+00, 1e+00, 1e+00, 1e+00, 1e+00, 1e+00, 1e+00, 1e+00, 1e+00, 1.182643473148346e-01, 0e+00, 0e+00, 0e+00, 0e+00, 0e+00, 0e+00, 0e+00, 0e+00, 0e+00, 0e+00, 0e+00, 0e+00, 0e+00, 0e+00, 0e+00, 0e+00, 0e+00, 0e+00, 0e+00, 0e+00, 0e+00, 0e+00, 0e+00, 0e+00, 0e+00, 0e+00, 0e+00, 5.661750435829163e-01, 1e+00, 1e+00, 1e+00, 1e+00, 1e+00, 1e+00, 1e+00, 1e+00, 1e+00, 1e+00, 1e+00, 1e+00, 1e+00, 1e+00, 1e+00, 1e+00, 1e+00, 1e+00, 1e+00, 1e+00, 1e+00, 1.788142621517181e-01, 0e+00, 0e+00, 0e+00, 0e+00, 0e+00, 0e+00, 0e+00, 0e+00, 0e+00, 0e+00, 0e+00, 0e+00, 0e+00, 0e+00, 0e+00, 0e+00, 0e+00, 0e+00, 0e+00, 0e+00, 0e+00, 0e+00, 0e+00, 0e+00, 0e+00, 0e+00, 0e+00, 5.659003257751465e-01, 1e+00, 1e+00, 1e+00, 1e+00, 1e+00, 1e+00, 1e+00, 1e+00, 1e+00, 1e+00]
>>>>>>> master
