<<<<<<< HEAD
last-generated=2022-09-09
statistics-initialization=
{
  "nonlinear": "9, 0, 0, 8, 0, 0, 0, 2, 1, 1",
=======
last-generated=2024-09-13
statistics-initialization=
{
  "nonlinear": "11, 0, 0, 0, 0, 9, 0, 0, 1, 1, 1",
>>>>>>> master
  "numerical Jacobians": "0"
}
statistics-simulation=
{
  "linear": " ",
<<<<<<< HEAD
  "nonlinear": "9, 2, 10, 0, 0, 0, 0, 0, 0, 1, 1",
  "number of continuous time states": "69",
  "numerical Jacobians": "0"
}
time=[0e+00, 1.728e+05]
roo.roo45.vavACH.y=[-0e+00, 2.485303127741645e-07, -1.541573340091418e-07, 5.921008822129536e-11, 2.378680062368652e-15, -1.73109173751216e-14, 2.421587405696413e-14, 5.620089863053641e-15, 1.793249640983817e-15, 2.449072438988689e-14, 2.864563783660373e-14, 1.249325824541868e-14, -1.288968575835969e-14, 1.453795004636049e-02, 1.453795004636049e-02, 1.453795004636049e-02, 1.453795004636049e-02, 1.453795004636049e-02, 1.453795004636049e-02, 1.453795004636049e-02, 1.46064106374979e-02, 8.960909247398376e-01, 1.438000917434692e+00, 1.601379036903381e+00, 1.628442525863647e+00, 1.65545380115509e+00, 9.063436090946198e-02, 5.566007643938065e-02, 1.700518131256104e+00, 1.717754125595093e+00, 1.729269862174988e+00, 1.731742858886719e+00, 2.202209234237671e+00, 2.1988844871521e+00, 1.183044672012329e+00, 1.179347276687622e+00, 1.179901838302612e+00, 1.180213809013367e+00, -6.696867452943289e-13, -2.350890207329648e-13, -7.496958782937657e-13, -5.837487611348724e-13, -6.515416461558288e-13, 3.423562431811855e-13, -6.371314608712153e-13, -1.855717402660106e-12, -1.083515330409235e-12, 6.183096027366497e-13, 2.054301173615158e-12, 2.163066600835428e-12, 4.05411056288163e-13, -7.025364990274896e-13, -8.810012723688143e-13, -1.059901623932935e-12, -9.731295630421855e-13, -4.880886818846301e-13, 1.296918844019553e-13, 2.160880252944506e-13, 8.340419284033618e-13, 1.319348168042633e-12, 1.273113450599161e-12, 5.63190878481723e-13, 9.936705456939712e-14, 1.507611870765686e-01, 5.511222779750824e-02, 3.404727950692177e-02, 2.459575049579144e-02, 1.126472592353821e+00, 1.418888688087463e+00, 1.187924146652229e+00, 1.154543280601501e+00, 1.5583815574646e+00, 1.685133695602417e+00, 1.68482494354248e+00, 1.675742864608765e+00, 1.674749493598938e+00, 9.503904730081558e-02, 5.903366208076477e-02, 1.713775396347046e+00, 1.726968884468079e+00, 1.734564185142517e+00, 1.734892606735229e+00, 2.203011989593506e+00, 2.19942831993103e+00, 1.18403422832489e+00, 1.180139064788818e+00, 1.180403709411621e+00, 1.180532097816467e+00, 3.745257142612202e-13, -4.952196422033928e-13, 1.115738144236156e-12, -5.824484232593019e-13, -2.31794379697281e-12, -1.131690661321239e-12, -1.403604554632565e-12, -1.213170731408086e-12, 3.05228661356266e-13, 1.823249667562421e-12, 2.146802917726842e-12, 4.787925156173045e-13, -1.588072555402942e-12]
roo.roo46.vavACH.y=[-0e+00, 2.629631694617274e-07, -1.629776278377904e-07, 9.945816392686879e-11, 6.473360360931529e-15, -1.734279461305856e-14, 1.798101361002395e-14, 5.195513751209469e-15, 1.525121361530468e-15, 2.32151605339577e-14, 2.380139881301598e-14, 1.223418898333621e-14, -1.148656805793642e-14, 1.196239236742258e-02, 1.196239236742258e-02, 1.196239236742258e-02, 1.196239236742258e-02, 1.196239236742258e-02, 1.196239236742258e-02, 1.196239236742258e-02, 1.201684586703777e-02, 8.619678020477295e-01, 1.430229902267456e+00, 1.420862913131714e+00, 1.235404968261719e+00, 1.259011626243591e+00, 8.642938733100891e-02, 4.92875762283802e-02, 2.373305797576904e+00, 2.392507314682007e+00, 2.394073963165283e+00, 2.394219875335693e+00, 1.672756910324097e+00, 1.668598294258118e+00, 2.012277603149414e+00, 2.009881734848022e+00, 2.010061025619507e+00, 2.010110139846802e+00, 9.662961620096611e-13, -9.495396005934631e-13, -2.747137803696398e-12, -1.558876508780949e-12, -2.022238062768245e-12, 7.632163672756376e-13, -1.650612155637554e-12, -5.551291631239463e-12, -2.588271177245138e-12, 1.819596123081579e-12, 6.226485039367846e-12, 6.29897349557762e-12, 1.612286259361495e-12, -1.383413457574367e-12, -2.93593383111912e-12, -3.04277393212149e-12, -2.787833332240641e-12, -1.449002051158429e-12, -1.117866785466308e-13, 1.226828859855756e-12, 2.203390464874944e-12, 2.457231900593326e-12, 3.436042032498032e-12, 1.884048472788891e-12, 1.13378577359935e-12, 1.835800260305405e-01, 5.959439277648926e-02, 3.579603880643845e-02, 2.552484534680843e-02, 1.326888680458069e+00, 1.638920545578003e+00, 9.931557178497517e-01, 8.661446571350098e-01, 1.407670378684998e+00, 1.649713516235352e+00, 1.49124813079834e+00, 1.270692944526672e+00, 1.269858360290527e+00, 8.82718563079834e-02, 5.033435299992561e-02, 2.37509298324585e+00, 2.393115997314453e+00, 2.394368648529053e+00, 2.39436674118042e+00, 1.672773122787476e+00, 1.668623208999634e+00, 2.012335062026978e+00, 2.0099036693573e+00, 2.010072231292725e+00, 2.010117053985596e+00, 2.104524101645064e-13, -1.672029160092181e-12, 2.935911279713932e-12, -2.320075121603482e-12, -5.616821244225356e-12, -3.137450585791179e-12, -3.539008062297677e-12, -3.04597319589206e-12, 1.060478853169566e-12, 5.887788520619885e-12, 6.020648823240604e-12, 3.752787739851743e-13, -4.546256600346243e-12]
roo.roo47.vavACH.y=[-0e+00, 2.72962751068917e-07, -1.686830302105591e-07, 1.661602661018335e-10, 3.180971458799559e-15, -8.98052790986037e-15, 1.337882102737768e-14, 3.148612470873832e-15, -5.499034508270464e-17, 1.450204092554551e-14, 1.611866259768665e-14, 6.693467377989716e-15, -6.746820712787843e-15, 7.902559824287891e-03, 7.902559824287891e-03, 7.902559824287891e-03, 7.902559824287891e-03, 7.902559824287891e-03, 7.902559824287891e-03, 7.902559824287891e-03, 7.930793799459934e-03, 7.904680445790291e-03, 7.932274602353573e-03, 7.936934940516949e-03, 6.196333169937134e-01, 7.162876129150391e-01, 4.863260984420776e-01, 4.846756160259247e-01, 1.348553895950318e+00, 1.367438197135925e+00, 1.367947101593018e+00, 1.367950320243835e+00, 7.49663233757019e-01, 7.350859045982361e-01, 9.606580734252931e-01, 9.650416970252991e-01, 9.651880264282227e-01, 9.652376770973206e-01, 3.698137282515113e-12, -5.004482613903127e-13, -1.407367169851959e-12, -7.137077929521285e-13, -1.20664437643081e-12, 5.330253382770933e-13, -8.405935452912572e-13, -2.1618627027431e-12, -1.086511306272464e-12, 6.756804317442633e-13, 2.781835092141582e-12, 2.82914295289538e-12, 4.389540217853566e-13, -8.117377755210986e-13, -1.205417276411991e-12, -1.257639175092362e-12, -1.137180952702488e-12, -6.74385298039114e-13, 1.317170385348866e-13, 7.666817484694375e-13, 1.229304418676191e-12, 1.348346022507496e-12, 1.122341260727244e-12, 9.019229590609412e-13, 1.385845377257361e-13, 1.785680204629898e-01, 6.012446060776711e-02, 3.613216057419777e-02, 2.573987655341625e-02, 1.476158797740936e-01, 4.849832057952883e-01, 6.492600440978952e-01, 7.144510746002197e-01, 7.107002735137939e-01, 7.252457141876221e-01, 7.276157140731812e-01, 7.24546492099762e-01, 7.239279747009277e-01, 4.940404295921326e-01, 4.897409379482269e-01, 1.349510312080383e+00, 1.367652177810669e+00, 1.368035554885864e+00, 1.367989540100098e+00, 7.496480345726013e-01, 7.351189851760864e-01, 9.607633352279663e-01, 9.650801420211792e-01, 9.652131795883179e-01, 9.652539491653442e-01, 3.270946881406278e-13, -7.328952440592562e-13, 1.020900378123635e-12, -8.019756733701477e-13, -2.635360462840963e-12, -1.380850728899263e-12, -1.932573025220652e-12, -1.330236159939602e-12, 1.263538969634159e-13, 2.787993143640866e-12, 2.874811066283511e-12, 3.899078054783039e-13, -2.095817009523104e-12]
roo.roo48.vavACH.y=[-0e+00, 5.637584763462655e-07, -3.477138363905397e-07, 3.858215968932655e-10, 7.069476738220688e-15, -1.80659879552925e-14, 2.087917072037242e-14, 6.928927714249811e-15, 1.049615170271151e-15, 2.290589525238799e-14, 2.432222751382138e-14, 1.121072076723474e-14, -1.158600210264754e-14, 1.27057982608676e-02, 1.27057982608676e-02, 1.27057982608676e-02, 1.27057982608676e-02, 1.27057982608676e-02, 1.27057982608676e-02, 1.27057982608676e-02, 1.272388361394405e-02, 1.268147490918636e-02, 1.053034782409668e+00, 1.166232228279114e+00, 1.177352666854858e+00, 1.198216795921326e+00, 8.09039831161499e-01, 8.09941828250885e-01, 1.93225646018982e+00, 1.948618173599243e+00, 1.949266672134399e+00, 1.949406862258911e+00, 1.230838298797607e+00, 1.226975798606873e+00, 2.260349273681641e+00, 2.258600473403931e+00, 2.258803367614746e+00, 2.258859157562256e+00, 1.82928273223526e-11, -1.507887239550476e-12, -3.157021519206715e-12, -1.357173488175656e-12, -2.363788852155491e-12, 9.782948106121236e-13, -1.679638524619553e-12, -5.95910387007903e-12, -2.837054592988442e-12, 1.149933989176566e-12, 6.009884864072168e-12, 6.521877222304129e-12, 1.312033164405091e-12, -2.276013362154106e-12, -3.249739453231593e-12, -2.918861983711163e-12, -3.027100705516039e-12, -2.267369668754165e-12, -1.963908229833838e-13, 1.001017411322859e-12, 2.199873313027401e-12, 2.965603457250054e-12, 3.294999906602869e-12, 1.882223110011294e-12, 4.129910118316066e-13, 1.870214641094208e-01, 5.975541472434998e-02, 3.577215224504471e-02, 2.546911500394344e-02, 4.199546873569489e-01, 8.244904279708863e-01, 1.149793028831472e+00, 1.192817568778992e+00, 1.188652992248535e+00, 1.212054371833801e+00, 1.214654684066772e+00, 1.209452271461487e+00, 1.208660125732422e+00, 8.216055631637573e-01, 8.179210424423218e-01, 1.933540821075439e+00, 1.949078917503357e+00, 1.949481725692749e+00, 1.949504613876343e+00, 1.230852961540222e+00, 1.226997852325439e+00, 2.260478496551514e+00, 2.258623838424683e+00, 2.258814573287964e+00, 2.258866310119629e+00, 7.301777455240299e-13, -1.949657666214244e-12, 3.303387511449651e-12, -1.782176619821718e-12, -6.154974967198523e-12, -3.568955677865637e-12, -3.934452590115267e-12, -2.523517853014745e-12, 1.49428494751469e-12, 6.814710254432477e-12, 6.916227573289246e-12, 9.315241720347922e-13, -5.056505561484848e-12]
roo.roo49.vavACH.y=[-0e+00, 1.512718540652713e-06, -9.335425943390874e-07, 9.875295026162689e-10, 1.702354958930431e-14, -4.896210593539028e-14, 5.778965630684474e-14, 1.583747137612065e-14, 3.171293048585995e-15, 6.381244680884676e-14, 7.203918315828658e-14, 3.63373373545809e-14, -3.35316423607547e-14, 3.842131420969963e-02, 3.842131420969963e-02, 3.842131420969963e-02, 3.842131420969963e-02, 3.842131420969963e-02, 3.842131420969963e-02, 3.842131420969963e-02, 1.415423512458801e+00, 1.827232360839844e+00, 2.765247821807861e+00, 2.858397006988525e+00, 2.605890989303589e+00, 2.752611875534058e+00, 3.173772811889648e+00, 3.176184892654419e+00, 1.914282321929934e+00, 2.284924745559692e+00, 3.65167236328125e+00, 3.686945915222168e+00, 3.366612195968628e+00, 3.352928161621094e+00, 2.448118448257447e+00, 2.496237754821777e+00, 2.515028238296509e+00, 2.521265983581543e+00, 7.447643196600851e-12, -5.423539221893758e-13, -1.790428482556505e-12, -1.177058667548025e-12, -1.728020396045415e-12, 7.347416945691077e-13, -1.0219932539135e-12, -2.689272632708239e-12, -1.376318546977839e-12, 6.900339132552558e-13, 3.514844014798624e-12, 3.837448154381251e-12, 8.443148524078792e-13, -1.255659855606273e-12, -2.107137814927329e-12, -1.696384027173592e-12, -1.794148271790086e-12, -8.80929498184986e-13, 1.928778724193744e-14, 6.726740475401683e-13, 1.583029280577408e-12, 1.988018473800257e-12, 1.886238561177311e-12, 1.293507510304048e-12, 3.402607514323142e-13, 2.088069766759872e-01, 7.281889021396637e-02, 4.454300925135612e-02, 3.842802718281746e-02, 1.255146026611328e+00, 1.514572381973267e+00, 3.258458614349331e+00, 3.23561429977417e+00, 3.240283966064453e+00, 3.301388025283813e+00, 3.304166793823242e+00, 3.28584098815918e+00, 3.283972024917603e+00, 3.220412969589233e+00, 3.205254793167114e+00, 2.340399503707886e+00, 2.425899982452393e+00, 3.694658994674683e+00, 3.701436758041382e+00, 3.368640899658203e+00, 3.354352474212646e+00, 2.449383497238159e+00, 2.496111392974854e+00, 2.514679431915283e+00, 2.521000862121582e+00, 9.605231107018275e-13, -9.996808068846175e-13, 1.879989219855105e-12, -9.73404191452476e-13, -3.651757281980528e-12, -2.070648990812329e-12, -2.187923887203569e-12, -1.538695277962521e-12, 6.103631055437431e-13, 3.764659591010133e-12, 4.427900754389036e-12, 3.10558707656422e-13, -3.041477226323197e-12]
roo.roo50.vavACH.y=[0e+00, 1.519022703178052e-07, -9.392040567490767e-08, 9.09968489448687e-11, 1.717329972042295e-15, -6.87461384408952e-15, 7.102484341625767e-15, 2.205389403338152e-15, -4.902569788681747e-17, 9.494594746647846e-15, 9.249593007753382e-15, 4.379832034431905e-15, -4.454137999729789e-15, 5.201767198741436e-03, 5.201767198741436e-03, 5.201767198741436e-03, 5.201767198741436e-03, 5.201767198741436e-03, 5.201767198741436e-03, 5.201767198741436e-03, 5.208506248891354e-03, 5.196382291615009e-03, 5.210102070122957e-03, 1.396111585199833e-02, 1.987924128770828e-01, 2.280185669660568e-01, 7.619589567184448e-01, 7.822497487068176e-01, 1.365715414285661e-01, 1.941151469945908e-01, 3.699031472206116e-01, 4.073543846607208e-01, 4.110524952411652e-01, 4.137186408042908e-01, 2.638530433177947e-01, 2.650281488895416e-01, 2.719276547431946e-01, 2.763348519802094e-01, 6.204217369888687e-13, -7.382536557987499e-14, -2.357616326557205e-13, -1.323673836555253e-13, -2.284138590075147e-13, 1.214577483726886e-13, -2.035280716747648e-13, -4.779228770547539e-13, -2.35553791099255e-13, 1.182899942277563e-13, 4.706554156824749e-13, 5.285892708782602e-13, 1.683075337086115e-13, -1.795379030991237e-13, -3.047520731862957e-13, -2.811038348708023e-13, -2.947966577879907e-13, -1.968024674432399e-13, 1.296967954989824e-14, 1.483195348223733e-13, 2.079894822993797e-13, 3.065858927408377e-13, 3.301994365868116e-13, 2.43270112170943e-13, 5.163707664040083e-14, 1.075902581214905e-01, 4.733288288116455e-02, 3.046644292771816e-02, 2.241157181560993e-02, 9.849732369184494e-02, 3.560667932033542e-01, 6.658035516738788e-01, 8.322522044181823e-01, 6.269940137863159e-01, 4.255938529968262e-01, 4.234203994274139e-01, 4.20317143201828e-01, 4.196487367153168e-01, 8.557890653610229e-01, 8.605099320411682e-01, 3.278429210186005e-01, 3.315993249416351e-01, 4.549114108085632e-01, 4.588950872421265e-01, 4.336735308170319e-01, 4.301586747169495e-01, 2.817495763301849e-01, 2.773340344429016e-01, 2.797800302505493e-01, 2.813377678394318e-01, 1.173510751463838e-13, -1.996137223613317e-13, 2.596203146128934e-13, -2.13631995665646e-13, -6.069131200207856e-13, -3.968081017848707e-13, -3.682053576967159e-13, -2.450680446335757e-13, 1.041233885137188e-13, 5.662249640513151e-13, 5.756767133303919e-13, 5.759557734170626e-14, -4.223371056089747e-13]
fan32.m_flow=[-0e+00, -8.192582172341645e-04, 5.073110805824399e-04, 2.419905626993568e-07, -0e+00, 1.249305936479317e-10, -0e+00, 0e+00, -1.249305936479317e-10, -1.249305936479317e-10, -1.249305936479317e-10, -0e+00, 1.249305936479317e-10, 1.786291599273682e-02, 1.786291599273682e-02, 1.786291599273682e-02, 1.786291599273682e-02, 1.786291599273682e-02, 1.786291599273682e-02, 1.786291599273682e-02, 3.996720537543297e-02, 9.241074323654175e-01, 1.63060986995697e+00, 1.742419242858887e+00, 1.822895169258118e+00, 1.876183271408081e+00, 3.887060284614563e-01, 3.53351354598999e-01, 2.565376520156861e+00, 2.598653554916382e+00, 2.637415170669556e+00, 2.641492366790771e+00, 2.405424118041992e+00, 2.398009061813354e+00, 2.079394817352295e+00, 2.077736854553223e+00, 2.078860521316528e+00, 2.079414844512939e+00, -0e+00, -0e+00, -0e+00, -0e+00, -0e+00, -0e+00, -0e+00, -0e+00, -0e+00, -0e+00, -0e+00, -0e+00, -0e+00, 1.249305936479317e-10, -0e+00, 1.249305936479317e-10, 1.249305936479317e-10, 5.260333301283174e-24, -5.260333301283174e-24, 0e+00, -0e+00, -1.249305936479317e-10, -1.249305936479317e-10, -1.249305936479317e-10, -0e+00, 2.369218170642853e-01, 8.171939104795456e-02, 4.976619407534599e-02, 3.580882400274277e-02, 1.329479694366455e+00, 1.774857521057129e+00, 1.495361685752878e+00, 1.451699018478394e+00, 1.903232216835022e+00, 2.074468374252319e+00, 2.011085033416748e+00, 1.914893507957458e+00, 1.913654804229736e+00, 4.0095454454422e-01, 3.624482154846191e-01, 2.591212034225464e+00, 2.613954067230225e+00, 2.645872354507446e+00, 2.646378040313721e+00, 2.407117128372192e+00, 2.39923095703125e+00, 2.081002712249756e+00, 2.078871250152588e+00, 2.07957649230957e+00, 2.079869508743286e+00, -1.249305936479317e-10, -0e+00, -0e+00, -0e+00, -0e+00, -0e+00, -0e+00, -1.249305936479317e-10, -0e+00, -1.249305936479317e-10, -0e+00, -0e+00, 1.249305936479317e-10]
fan56.m_flow=[-9.497631853629353e-22, -8.191810338757932e-04, 5.079100374132395e-04, -4.923801952827489e-07, 3.566647574070742e-13, -1.097973383219764e-12, 1.97246017262509e-12, -1.102557064744158e-12, 4.139992862417508e-11, 4.182478668957046e-11, 4.23301914354024e-11, -1.88564650005496e-11, -4.113863763532954e-11, 1.786291599273682e-02, 1.786291599273682e-02, 1.786291599273682e-02, 1.786291599273682e-02, 1.786291599273682e-02, 1.786291599273682e-02, 1.786291599273682e-02, 3.996735066175461e-02, 9.238207340240479e-01, 1.630472302436829e+00, 1.74273419380188e+00, 1.822836518287659e+00, 1.876173257827759e+00, 3.887147009372711e-01, 3.533531427383423e-01, 2.565320730209351e+00, 2.598646879196167e+00, 2.637411832809448e+00, 2.641490936279297e+00, 2.405438423156738e+00, 2.398010015487671e+00, 2.079401969909668e+00, 2.077736377716064e+00, 2.07886004447937e+00, 2.079414844512939e+00, -9.110612264606743e-11, 1.957412530673164e-11, -5.770016062167649e-11, -2.759292143730829e-12, -1.826250088654557e-12, -1.700893939582393e-11, -1.30156020509975e-12, 2.154767510254008e-11, 4.964836050960764e-13, 4.280266419076639e-11, 4.1204893663771e-11, 2.364421809383788e-12, 4.013147886922086e-12, 2.187057175986884e-12, 2.31473642336999e-11, 2.299011675477303e-11, 4.294230715375796e-14, -1.783148064967377e-12, -2.750819862692985e-13, 2.0687578386469e-11, -5.919300965183394e-13, -2.020377268263651e-11, 2.354058094289346e-11, 2.171449131616043e-11, 5.232562430221299e-13, 2.369506508111954e-01, 8.172088861465454e-02, 4.976640641689301e-02, 3.580919280648232e-02, 1.3285071849823e+00, 1.77484679222107e+00, 1.495519518852243e+00, 1.451700329780579e+00, 1.902514219284058e+00, 2.074464797973633e+00, 2.01152777671814e+00, 1.914894938468933e+00, 1.913655042648315e+00, 4.009644687175751e-01, 3.624497056007385e-01, 2.591159582138062e+00, 2.613951921463013e+00, 2.645871639251709e+00, 2.646378040313721e+00, 2.407131910324097e+00, 2.399232149124146e+00, 2.081009864807129e+00, 2.078871011734009e+00, 2.079576253890991e+00, 2.079869270324707e+00, -1.878547838118916e-11, 1.963648341152258e-11, 4.438256012706532e-11, 6.856646327102478e-13, 2.108292707081461e-11, -2.424940673609322e-12, -9.590256106611905e-13, 2.42899428869181e-12, -8.501227066054495e-13, -2.460397554096549e-12, -2.186112922630823e-11, 3.988244109964789e-11, -4.464708810991702e-11]
fan32.dp=[0e+00, 0e+00, 0e+00, 0e+00, 0e+00, 0e+00, 0e+00, 0e+00, 0e+00, 0e+00, 0e+00, 0e+00, 0e+00, -8.188967132568359e+01, -8.188967132568359e+01, -8.188967132568359e+01, -8.188967132568359e+01, -8.188967132568359e+01, -8.188967132568359e+01, -8.188967132568359e+01, -8.231343078613281e+01, -8.826458740234375e+01, -1.023965682983398e+02, -1.050633010864258e+02, -1.076631393432617e+02, -1.092295913696289e+02, -8.603958129882812e+01, -8.587263488769531e+01, -1.333311157226562e+02, -1.348128814697266e+02, -1.369916839599609e+02, -1.371925506591797e+02, -1.248505325317383e+02, -1.245771636962891e+02, -1.185642166137695e+02, -1.185448150634766e+02, -1.185925064086914e+02, -1.186154632568359e+02, 0e+00, 0e+00, 0e+00, 0e+00, 0e+00, 0e+00, 0e+00, 0e+00, 0e+00, 0e+00, 0e+00, 0e+00, 0e+00, 0e+00, 0e+00, 0e+00, 0e+00, 0e+00, 0e+00, 0e+00, 0e+00, 0e+00, 0e+00, 0e+00, 0e+00, -8.289630126953125e+01, -8.215794372558594e+01, -8.202309417724609e+01, -8.196669006347656e+01, -9.521381378173828e+01, -1.058654098510742e+02, -1.010114974975588e+02, -1.00377326965332e+02, -1.105123519897461e+02, -1.151484603881836e+02, -1.132944107055664e+02, -1.105654296875e+02, -1.105299987792969e+02, -8.621406555175781e+01, -8.599839782714844e+01, -1.346073913574219e+02, -1.355496215820312e+02, -1.374023895263672e+02, -1.374276885986328e+02, -1.249227066040039e+02, -1.246292877197266e+02, -1.186281051635742e+02, -1.185886993408203e+02, -1.186201782226562e+02, -1.186330337524414e+02, 0e+00, 0e+00, 0e+00, 0e+00, 0e+00, 0e+00, 0e+00, 0e+00, 0e+00, 0e+00, 0e+00, 0e+00, 0e+00]
fan56.dp=[0e+00, 0e+00, 0e+00, 0e+00, 0e+00, 0e+00, 0e+00, 0e+00, 0e+00, 0e+00, 0e+00, 0e+00, 0e+00, -3.27558708190918e+01, -3.27558708190918e+01, -3.27558708190918e+01, -3.27558708190918e+01, -3.27558708190918e+01, -3.27558708190918e+01, -3.27558708190918e+01, -3.292537307739258e+01, -3.530583572387695e+01, -4.09586296081543e+01, -4.202532196044922e+01, -4.306525421142578e+01, -4.369183731079102e+01, -3.441583251953125e+01, -3.434905624389648e+01, -5.333244705200196e+01, -5.392515182495117e+01, -5.479667663574219e+01, -5.487702178955078e+01, -4.994021606445312e+01, -4.983086776733398e+01, -4.742568588256836e+01, -4.741792678833008e+01, -4.74370002746582e+01, -4.744618606567383e+01, 0e+00, 0e+00, 0e+00, 0e+00, 0e+00, 0e+00, 0e+00, 0e+00, 0e+00, 0e+00, 0e+00, 0e+00, 0e+00, 0e+00, 0e+00, 0e+00, 0e+00, 0e+00, 0e+00, 0e+00, 0e+00, 0e+00, 0e+00, 0e+00, 0e+00, -3.315851974487305e+01, -3.286317825317383e+01, -3.280923843383789e+01, -3.278667831420898e+01, -3.808552551269531e+01, -4.234616088867188e+01, -4.040459823608405e+01, -4.015092849731445e+01, -4.420494079589844e+01, -4.605938339233398e+01, -4.531776428222656e+01, -4.422617340087891e+01, -4.421199798583984e+01, -3.448562622070312e+01, -3.439935684204102e+01, -5.384295654296875e+01, -5.42198486328125e+01, -5.496095275878906e+01, -5.497107315063477e+01, -4.996908187866211e+01, -4.985171508789062e+01, -4.745124053955078e+01, -4.743547821044922e+01, -4.744807052612305e+01, -4.745321273803711e+01, 0e+00, 0e+00, 0e+00, 0e+00, 0e+00, 0e+00, 0e+00, 0e+00, 0e+00, 0e+00, 0e+00, 0e+00, 0e+00]
roo.roo45.volFraCO2.V=[0e+00, 0e+00, 0e+00, 0e+00, 0e+00, 0e+00, 0e+00, 0e+00, 0e+00, 0e+00, 0e+00, 0e+00, 0e+00, 0e+00, 0e+00, 0e+00, 0e+00, 7.092707528499931e-05, 2.826338750310242e-04, 4.821182519663125e-04, 6.471085362136364e-04, 7.463854853995144e-04, 7.563355611637235e-04, 7.59242451749742e-04, 7.595911156386137e-04, 7.600304670631886e-04, 7.166474242694676e-04, 7.119348738342524e-04, 7.601267425343394e-04, 7.603630074299872e-04, 7.604178390465677e-04, 7.604510756209493e-04, 7.697178516536951e-04, 7.696666871197522e-04, 7.505348767153919e-04, 7.504693930968642e-04, 7.504772511310875e-04, 7.504819659516215e-04, 7.453003781847656e-04, 7.453003781847656e-04, 7.453003781847656e-04, 7.453003781847656e-04, 7.453003781847656e-04, 7.453003781847656e-04, 7.453003781847656e-04, 7.453003781847656e-04, 7.453003781847656e-04, 7.453003781847656e-04, 7.453003781847656e-04, 7.453003781847656e-04, 7.453003781847656e-04, 7.453003781847656e-04, 7.453003781847656e-04, 7.453003781847656e-04, 7.453003781847656e-04, 7.453003781847656e-04, 7.453003781847656e-04, 7.453003781847656e-04, 7.453003781847656e-04, 7.453003781847656e-04, 7.453003781847656e-04, 7.453003781847656e-04, 7.453003781847656e-04, 7.220425759442151e-04, 7.121203234419227e-04, 7.07605155184865e-04, 7.046382525004447e-04, 7.513463497161865e-04, 7.558396318927407e-04, 7.511667790822686e-04, 7.505824323743582e-04, 7.585082785226405e-04, 7.604261045344174e-04, 7.60444556362927e-04, 7.603257545270026e-04, 7.603091071359813e-04, 7.171168108470738e-04, 7.124958792701364e-04, 7.602950208820403e-04, 7.604899583384395e-04, 7.604914717376232e-04, 7.604957208968699e-04, 7.697280962020159e-04, 7.69673497416079e-04, 7.505510584451258e-04, 7.504824316129088e-04, 7.504855748265982e-04, 7.504872046411037e-04, 7.453038124367595e-04, 7.453038124367595e-04, 7.453038124367595e-04, 7.453038124367595e-04, 7.453038124367595e-04, 7.453038124367595e-04, 7.453038124367595e-04, 7.453038124367595e-04, 7.453038124367595e-04, 7.453038124367595e-04, 7.453038124367595e-04, 7.453038124367595e-04, 7.453038124367595e-04]
roo.roo46.volFraCO2.V=[0e+00, 0e+00, 0e+00, 0e+00, 0e+00, 0e+00, 0e+00, 0e+00, 0e+00, 0e+00, 0e+00, 0e+00, 0e+00, 0e+00, 0e+00, 0e+00, 0e+00, 8.536083623766953e-05, 3.403154260013252e-04, 5.615862901322544e-04, 6.846298929303885e-04, 7.498151389881968e-04, 7.622204138897359e-04, 7.611702312715352e-04, 7.576468633487821e-04, 7.58152105845511e-04, 7.181682158261538e-04, 7.126695709303021e-04, 7.827345980331302e-04, 7.830791873857379e-04, 7.829071255400777e-04, 7.828962989151478e-04, 7.673889631405473e-04, 7.673038053326309e-04, 7.743751048110425e-04, 7.743213791400194e-04, 7.743218448013067e-04, 7.743213209323585e-04, 7.63602729421109e-04, 7.63602729421109e-04, 7.63602729421109e-04, 7.63602729421109e-04, 7.63602729421109e-04, 7.63602729421109e-04, 7.63602729421109e-04, 7.63602729421109e-04, 7.63602729421109e-04, 7.63602729421109e-04, 7.63602729421109e-04, 7.63602729421109e-04, 7.63602729421109e-04, 7.63602729421109e-04, 7.63602729421109e-04, 7.63602729421109e-04, 7.63602729421109e-04, 7.63602729421109e-04, 7.63602729421109e-04, 7.63602729421109e-04, 7.63602729421109e-04, 7.63602729421109e-04, 7.63602729421109e-04, 7.63602729421109e-04, 7.63602729421109e-04, 7.262888830155134e-04, 7.147886790335178e-04, 7.09905696567148e-04, 7.067631813697517e-04, 7.609282620251179e-04, 7.668373291380703e-04, 7.515321485698227e-04, 7.488455157727003e-04, 7.621753611601889e-04, 7.66838202252984e-04, 7.625971338711679e-04, 7.583559490740299e-04, 7.583381957374513e-04, 7.183728157542646e-04, 7.128647994250059e-04, 7.826784858480096e-04, 7.830417016521096e-04, 7.828857051208615e-04, 7.828839006833732e-04, 7.673861109651625e-04, 7.673019426874816e-04, 7.74372136220336e-04, 7.743191672489047e-04, 7.743204478174448e-04, 7.743204478174448e-04, 7.636008667759597e-04, 7.636008667759597e-04, 7.636008667759597e-04, 7.636008667759597e-04, 7.636008667759597e-04, 7.636008667759597e-04, 7.636008667759597e-04, 7.636008667759597e-04, 7.636008667759597e-04, 7.636008667759597e-04, 7.636008667759597e-04, 7.636008667759597e-04, 7.636008667759597e-04]
roo.roo47.volFraCO2.V=[0e+00, 0e+00, 0e+00, 0e+00, 0e+00, 0e+00, 0e+00, 0e+00, 0e+00, 0e+00, 0e+00, 0e+00, 0e+00, 0e+00, 0e+00, 0e+00, 0e+00, 2.396322634012919e-05, 9.574353316565976e-05, 1.76356581505388e-04, 2.854414051398635e-04, 3.975078871008009e-04, 5.306403618305922e-04, 6.664494867436588e-04, 7.513033924624324e-04, 7.544613908976316e-04, 7.458397303707898e-04, 7.457780302502215e-04, 7.761184242554009e-04, 7.766814669594169e-04, 7.765725022181869e-04, 7.76564353145659e-04, 7.556809578090906e-04, 7.5521320104599e-04, 7.627885206602514e-04, 7.6291523873806e-04, 7.629181491211057e-04, 7.629189058206975e-04, 7.580985547974706e-04, 7.580985547974706e-04, 7.580985547974706e-04, 7.580985547974706e-04, 7.580985547974706e-04, 7.580985547974706e-04, 7.580985547974706e-04, 7.580985547974706e-04, 7.580985547974706e-04, 7.580985547974706e-04, 7.580985547974706e-04, 7.580985547974706e-04, 7.580985547974706e-04, 7.580985547974706e-04, 7.580985547974706e-04, 7.580985547974706e-04, 7.580985547974706e-04, 7.580985547974706e-04, 7.580985547974706e-04, 7.580985547974706e-04, 7.580985547974706e-04, 7.580985547974706e-04, 7.580985547974706e-04, 7.580985547974706e-04, 7.580985547974706e-04, 7.308768690563738e-04, 7.190763717517257e-04, 7.140008383430541e-04, 7.107369019649923e-04, 7.300161523744464e-04, 7.461529457941651e-04, 7.52174586523324e-04, 7.542099920101464e-04, 7.542421808466315e-04, 7.548173307441175e-04, 7.548606372438371e-04, 7.547089480794966e-04, 7.546881679445505e-04, 7.461239583790302e-04, 7.459628977812827e-04, 7.760929875075817e-04, 7.766583003103733e-04, 7.765588234178722e-04, 7.765563786961138e-04, 7.556786295026541e-04, 7.552129100076854e-04, 7.627895683981478e-04, 7.629150059074163e-04, 7.629180327057838e-04, 7.629188476130366e-04, 7.580979145132005e-04, 7.580979145132005e-04, 7.580979145132005e-04, 7.580979145132005e-04, 7.580979145132005e-04, 7.580979145132005e-04, 7.580979145132005e-04, 7.580979145132005e-04, 7.580979145132005e-04, 7.580979145132005e-04, 7.580979145132005e-04, 7.580979145132005e-04, 7.580979145132005e-04]
roo.roo48.volFraCO2.V=[0e+00, 0e+00, 0e+00, 0e+00, 0e+00, 0e+00, 0e+00, 0e+00, 0e+00, 0e+00, 0e+00, 0e+00, 0e+00, 0e+00, 0e+00, 0e+00, 0e+00, 4.024518784717682e-05, 1.604929275345057e-04, 2.951245696749538e-04, 4.759164003189653e-04, 6.538787274621427e-04, 7.526381523348391e-04, 7.550510345026851e-04, 7.553415489383042e-04, 7.558069773949683e-04, 7.46765173971653e-04, 7.467825780622661e-04, 7.717883563600481e-04, 7.721184520050883e-04, 7.721091969870031e-04, 7.72111292462796e-04, 7.566409185528755e-04, 7.565591367892921e-04, 7.783772889524698e-04, 7.783396868035197e-04, 7.7834352850914e-04, 7.783445180393755e-04, 7.662483840249479e-04, 7.662483840249479e-04, 7.662483840249479e-04, 7.662483840249479e-04, 7.662483840249479e-04, 7.662483840249479e-04, 7.662483840249479e-04, 7.662483840249479e-04, 7.662483840249479e-04, 7.662483840249479e-04, 7.662483840249479e-04, 7.662483840249479e-04, 7.662483840249479e-04, 7.662483840249479e-04, 7.662483840249479e-04, 7.662483840249479e-04, 7.662483840249479e-04, 7.662483840249479e-04, 7.662483840249479e-04, 7.662483840249479e-04, 7.662483840249479e-04, 7.662483840249479e-04, 7.662483840249479e-04, 7.662483840249479e-04, 7.662483840249479e-04, 7.258792757056653e-04, 7.142372778616846e-04, 7.093376480042934e-04, 7.061923388391733e-04, 7.374865817837417e-04, 7.473711739294231e-04, 7.548066787421701e-04, 7.555605843663216e-04, 7.556048221886158e-04, 7.561587844975293e-04, 7.561866659671068e-04, 7.560407975688577e-04, 7.560239173471928e-04, 7.470592390745878e-04, 7.469682605005801e-04, 7.718073902651668e-04, 7.721248548477888e-04, 7.721122819930315e-04, 7.72112631238997e-04, 7.566409767605364e-04, 7.565593696199358e-04, 7.7837920980528e-04, 7.783399778418243e-04, 7.783436449244618e-04, 7.783445762470365e-04, 7.662472198717296e-04, 7.662472198717296e-04, 7.662472198717296e-04, 7.662472198717296e-04, 7.662472198717296e-04, 7.662472198717296e-04, 7.662472198717296e-04, 7.662472198717296e-04, 7.662472198717296e-04, 7.662472198717296e-04, 7.662472198717296e-04, 7.662472198717296e-04, 7.662472198717296e-04]
roo.roo49.volFraCO2.V=[0e+00, 0e+00, 0e+00, 0e+00, 0e+00, 0e+00, 0e+00, 0e+00, 0e+00, 0e+00, 0e+00, 0e+00, 0e+00, 0e+00, 0e+00, 0e+00, 0e+00, 6.438988202717196e-05, 2.547681506257504e-04, 5.135611863806844e-04, 7.378051523119211e-04, 7.419252651743591e-04, 7.494782330468297e-04, 7.504016393795609e-04, 7.481929496861994e-04, 7.494390592910349e-04, 7.523630629293621e-04, 7.523769745603204e-04, 7.429214310832322e-04, 7.459738408215344e-04, 7.56306981202215e-04, 7.565590785816312e-04, 7.541138329543173e-04, 7.540134829469025e-04, 7.471269927918911e-04, 7.475012680515647e-04, 7.47646379750222e-04, 7.476945174857974e-04, 7.412157137878239e-04, 7.412157137878239e-04, 7.412157137878239e-04, 7.412157137878239e-04, 7.412157137878239e-04, 7.412157137878239e-04, 7.412157137878239e-04, 7.412157137878239e-04, 7.412157137878239e-04, 7.412157137878239e-04, 7.412157137878239e-04, 7.412157137878239e-04, 7.412157137878239e-04, 7.412157137878239e-04, 7.412157137878239e-04, 7.412157137878239e-04, 7.412157137878239e-04, 7.412157137878239e-04, 7.412157137878239e-04, 7.412157137878239e-04, 7.412157137878239e-04, 7.412157137878239e-04, 7.412157137878239e-04, 7.412157137878239e-04, 7.412157137878239e-04, 7.154453196562827e-04, 7.056230097077787e-04, 7.012407295405865e-04, 6.981529877521098e-04, 7.365847122855484e-04, 7.389508537016809e-04, 7.531090523116289e-04, 7.529411814175546e-04, 7.530933944508433e-04, 7.535530021414161e-04, 7.535478798672557e-04, 7.533962489105761e-04, 7.533827447332442e-04, 7.527057896368206e-04, 7.525907712988555e-04, 7.464186637662351e-04, 7.470890996046364e-04, 7.566160056740046e-04, 7.566643180325627e-04, 7.541294326074421e-04, 7.540245424024761e-04, 7.4713712092489e-04, 7.475007441826165e-04, 7.476439350284636e-04, 7.476926548406482e-04, 7.412131526507437e-04, 7.412131526507437e-04, 7.412131526507437e-04, 7.412131526507437e-04, 7.412131526507437e-04, 7.412131526507437e-04, 7.412131526507437e-04, 7.412131526507437e-04, 7.412131526507437e-04, 7.412131526507437e-04, 7.412131526507437e-04, 7.412131526507437e-04, 7.412131526507437e-04]
roo.roo50.volFraCO2.V=[0e+00, 0e+00, 0e+00, 0e+00, 0e+00, 0e+00, 0e+00, 0e+00, 0e+00, 0e+00, 0e+00, 0e+00, 0e+00, 0e+00, 0e+00, 0e+00, 0e+00, 2.006664362852475e-05, 8.089529001154006e-05, 1.651981292525306e-04, 3.393948718439788e-04, 5.071224295534194e-04, 6.244955584406853e-04, 7.099659414961934e-04, 7.383316988125443e-04, 7.403557538054883e-04, 7.692566141486168e-04, 7.702212315052748e-04, 7.331166416406631e-04, 7.379482849501073e-04, 7.489070994779468e-04, 7.50947801861912e-04, 7.513093878515065e-04, 7.514558965340257e-04, 7.424734649248421e-04, 7.425868534483016e-04, 7.430159603245556e-04, 7.432873244397342e-04, 7.423255010508001e-04, 7.423255010508001e-04, 7.423255010508001e-04, 7.423255010508001e-04, 7.423255010508001e-04, 7.423255010508001e-04, 7.423255010508001e-04, 7.423255010508001e-04, 7.423255010508001e-04, 7.423255010508001e-04, 7.423255010508001e-04, 7.423255010508001e-04, 7.423255010508001e-04, 7.423255010508001e-04, 7.423255010508001e-04, 7.423255010508001e-04, 7.423255010508001e-04, 7.423255010508001e-04, 7.423255010508001e-04, 7.423255010508001e-04, 7.423255010508001e-04, 7.423255010508001e-04, 7.423255010508001e-04, 7.423255010508001e-04, 7.423255010508001e-04, 7.299559656530619e-04, 7.209632894955575e-04, 7.164704147726297e-04, 7.134434999898076e-04, 7.301046280190349e-04, 7.482157670892775e-04, 7.651241030544037e-04, 7.727661868557334e-04, 7.616591174155474e-04, 7.519928622059524e-04, 7.518793572671711e-04, 7.517077028751373e-04, 7.51672254409641e-04, 7.739082793705165e-04, 7.741128792986274e-04, 7.464528316631913e-04, 7.466870592907071e-04, 7.535044569522142e-04, 7.537060882896185e-04, 7.52527907025069e-04, 7.52346299123019e-04, 7.435849984176457e-04, 7.43348675314337e-04, 7.434985600411892e-04, 7.435934967361391e-04, 7.425638614222407e-04, 7.425638614222407e-04, 7.425638614222407e-04, 7.425638614222407e-04, 7.425638614222407e-04, 7.425638614222407e-04, 7.425638614222407e-04, 7.425638614222407e-04, 7.425638614222407e-04, 7.425638614222407e-04, 7.425638614222407e-04, 7.425638614222407e-04, 7.425638614222407e-04]
roo.roo45.con.CO2Set=[6.99999975040555e-04, 6.99999975040555e-04]
roo.roo45.vol.C[1]=[0e+00, 0e+00, 0e+00, 0e+00, 0e+00, 0e+00, 0e+00, 0e+00, 0e+00, 0e+00, 0e+00, 0e+00, 0e+00, 0e+00, 0e+00, 0e+00, 0e+00, 1.077663546311676e-04, 4.29432955570519e-04, 7.32528860680759e-04, 9.832145879045129e-04, 1.134055550210178e-03, 1.149173709563911e-03, 1.153590506874025e-03, 1.154120196588337e-03, 1.154787722043693e-03, 1.088871737010777e-03, 1.08171149622649e-03, 1.15493405610323e-03, 1.155293080955744e-03, 1.15537631791085e-03, 1.155426842160523e-03, 1.169506693258882e-03, 1.169429044239223e-03, 1.140360138379037e-03, 1.140260603278875e-03, 1.140272710472345e-03, 1.140279811806977e-03, 1.132406876422465e-03, 1.132406876422465e-03, 1.132406876422465e-03, 1.132406876422465e-03, 1.132406876422465e-03, 1.132406876422465e-03, 1.132406876422465e-03, 1.132406876422465e-03, 1.132406876422465e-03, 1.132406876422465e-03, 1.132406876422465e-03, 1.132406876422465e-03, 1.132406876422465e-03, 1.132406876422465e-03, 1.132406876422465e-03, 1.132406876422465e-03, 1.132406876422465e-03, 1.132406876422465e-03, 1.132406876422465e-03, 1.132406876422465e-03, 1.132406876422465e-03, 1.132406876422465e-03, 1.132406876422465e-03, 1.132406876422465e-03, 1.132406876422465e-03, 1.097069121897221e-03, 1.081993221305311e-03, 1.075132982805371e-03, 1.070624915882945e-03, 1.141593093052506e-03, 1.148420153185725e-03, 1.141320215538144e-03, 1.140432432293892e-03, 1.152474898844957e-03, 1.155388890765607e-03, 1.155416946858168e-03, 1.155236386694014e-03, 1.155211124569178e-03, 1.089584897272289e-03, 1.082563889212906e-03, 1.155189704149961e-03, 1.155485864728689e-03, 1.155488193035126e-03, 1.155494712293148e-03, 1.169522292912006e-03, 1.169439405202866e-03, 1.140384702011943e-03, 1.140280510298908e-03, 1.140285283327103e-03, 1.140287728048861e-03, 1.132412115111947e-03, 1.132412115111947e-03, 1.132412115111947e-03, 1.132412115111947e-03, 1.132412115111947e-03, 1.132412115111947e-03, 1.132412115111947e-03, 1.132412115111947e-03, 1.132412115111947e-03, 1.132412115111947e-03, 1.132412115111947e-03, 1.132412115111947e-03, 1.132412115111947e-03]
roo.roo46.vol.C[1]=[0e+00, 0e+00, 0e+00, 0e+00, 0e+00, 0e+00, 0e+00, 0e+00, 0e+00, 0e+00, 0e+00, 0e+00, 0e+00, 0e+00, 0e+00, 0e+00, 0e+00, 1.296969712711879e-04, 5.17074135132134e-04, 8.532723295502365e-04, 1.040224335156381e-03, 1.139266649261117e-03, 1.158115104772151e-03, 1.156519516371191e-03, 1.151166157796979e-03, 1.151933800429106e-03, 1.091182348318398e-03, 1.082827686332166e-03, 1.189284259453416e-03, 1.189807895570993e-03, 1.18954642675817e-03, 1.189530012197793e-03, 1.165968249551952e-03, 1.16583879571408e-03, 1.176582998596132e-03, 1.176501275040209e-03, 1.176502089947462e-03, 1.176501275040209e-03, 1.16021535359323e-03, 1.16021535359323e-03, 1.16021535359323e-03, 1.16021535359323e-03, 1.16021535359323e-03, 1.16021535359323e-03, 1.16021535359323e-03, 1.16021535359323e-03, 1.16021535359323e-03, 1.16021535359323e-03, 1.16021535359323e-03, 1.16021535359323e-03, 1.16021535359323e-03, 1.16021535359323e-03, 1.16021535359323e-03, 1.16021535359323e-03, 1.16021535359323e-03, 1.16021535359323e-03, 1.16021535359323e-03, 1.16021535359323e-03, 1.16021535359323e-03, 1.16021535359323e-03, 1.16021535359323e-03, 1.16021535359323e-03, 1.16021535359323e-03, 1.103520859032869e-03, 1.086047501303256e-03, 1.078628352843225e-03, 1.073853578418493e-03, 1.156151876784861e-03, 1.165130059234798e-03, 1.141875400207937e-03, 1.137793296948075e-03, 1.158046652562916e-03, 1.16513145621866e-03, 1.158687518909574e-03, 1.152243465185165e-03, 1.152216456830502e-03, 1.091493293642998e-03, 1.083124312572181e-03, 1.189199043437839e-03, 1.18975096847862e-03, 1.18951394688338e-03, 1.189511152915657e-03, 1.165963825769722e-03, 1.165836001746356e-03, 1.176578458398581e-03, 1.176498015411198e-03, 1.176499878056347e-03, 1.176499878056347e-03, 1.160212559625506e-03, 1.160212559625506e-03, 1.160212559625506e-03, 1.160212559625506e-03, 1.160212559625506e-03, 1.160212559625506e-03, 1.160212559625506e-03, 1.160212559625506e-03, 1.160212559625506e-03, 1.160212559625506e-03, 1.160212559625506e-03, 1.160212559625506e-03, 1.160212559625506e-03]
roo.roo47.vol.C[1]=[0e+00, 0e+00, 0e+00, 0e+00, 0e+00, 0e+00, 0e+00, 0e+00, 0e+00, 0e+00, 0e+00, 0e+00, 0e+00, 0e+00, 0e+00, 0e+00, 0e+00, 3.640964496298716e-05, 1.454723969800398e-04, 2.679555909708142e-04, 4.336987040005624e-04, 6.039721774868667e-04, 8.062532288022339e-04, 1.012601074762642e-03, 1.141527900472283e-03, 1.146326074376702e-03, 1.133226440288126e-03, 1.133132725954056e-03, 1.17923179641366e-03, 1.180087216198444e-03, 1.179921673610806e-03, 1.179909333586693e-03, 1.148179173469543e-03, 1.147468341514468e-03, 1.158978324383497e-03, 1.159170875325799e-03, 1.159175299108028e-03, 1.159176463261247e-03, 1.151852426119149e-03, 1.151852426119149e-03, 1.151852426119149e-03, 1.151852426119149e-03, 1.151852426119149e-03, 1.151852426119149e-03, 1.151852426119149e-03, 1.151852426119149e-03, 1.151852426119149e-03, 1.151852426119149e-03, 1.151852426119149e-03, 1.151852426119149e-03, 1.151852426119149e-03, 1.151852426119149e-03, 1.151852426119149e-03, 1.151852426119149e-03, 1.151852426119149e-03, 1.151852426119149e-03, 1.151852426119149e-03, 1.151852426119149e-03, 1.151852426119149e-03, 1.151852426119149e-03, 1.151852426119149e-03, 1.151852426119149e-03, 1.151852426119149e-03, 1.110491808503866e-03, 1.092562219128013e-03, 1.084850518964231e-03, 1.079891342669725e-03, 1.109184115193784e-03, 1.133702229708433e-03, 1.142851542681455e-03, 1.145944115705788e-03, 1.145993010140955e-03, 1.14686693996191e-03, 1.146932714618742e-03, 1.146702212281525e-03, 1.14667066372931e-03, 1.133658224716783e-03, 1.133413519710302e-03, 1.179193030111492e-03, 1.180052058771253e-03, 1.179900951683521e-03, 1.179897109977901e-03, 1.148175564594567e-03, 1.147467992268503e-03, 1.158979837782681e-03, 1.159170526079834e-03, 1.159175066277385e-03, 1.159176346845925e-03, 1.151851378381252e-03, 1.151851378381252e-03, 1.151851378381252e-03, 1.151851378381252e-03, 1.151851378381252e-03, 1.151851378381252e-03, 1.151851378381252e-03, 1.151851378381252e-03, 1.151851378381252e-03, 1.151851378381252e-03, 1.151851378381252e-03, 1.151851378381252e-03, 1.151851378381252e-03]
roo.roo48.vol.C[1]=[0e+00, 0e+00, 0e+00, 0e+00, 0e+00, 0e+00, 0e+00, 0e+00, 0e+00, 0e+00, 0e+00, 0e+00, 0e+00, 0e+00, 0e+00, 0e+00, 0e+00, 6.114839925430753e-05, 2.438524243189022e-04, 4.484112723730505e-04, 7.231057388707995e-04, 9.935011621564627e-04, 1.143555855378509e-03, 1.147222006693482e-03, 1.14766345359385e-03, 1.148370560258627e-03, 1.134632504545152e-03, 1.134658930823207e-03, 1.172652700915933e-03, 1.173154218122363e-03, 1.173140131868422e-03, 1.173143275082111e-03, 1.149637741036713e-03, 1.149513409473002e-03, 1.18266383651644e-03, 1.182606676593423e-03, 1.182612497359514e-03, 1.182614010758698e-03, 1.164235174655914e-03, 1.164235174655914e-03, 1.164235174655914e-03, 1.164235174655914e-03, 1.164235174655914e-03, 1.164235174655914e-03, 1.164235174655914e-03, 1.164235174655914e-03, 1.164235174655914e-03, 1.164235174655914e-03, 1.164235174655914e-03, 1.164235174655914e-03, 1.164235174655914e-03, 1.164235174655914e-03, 1.164235174655914e-03, 1.164235174655914e-03, 1.164235174655914e-03, 1.164235174655914e-03, 1.164235174655914e-03, 1.164235174655914e-03, 1.164235174655914e-03, 1.164235174655914e-03, 1.164235174655914e-03, 1.164235174655914e-03, 1.164235174655914e-03, 1.102898502722383e-03, 1.085209660232067e-03, 1.0777652496472e-03, 1.072986284270883e-03, 1.12053460907191e-03, 1.135553233325481e-03, 1.146850758232176e-03, 1.147996168583632e-03, 1.148063340224326e-03, 1.148905139416456e-03, 1.148947514593601e-03, 1.148725859820843e-03, 1.148700248450041e-03, 1.135079306550324e-03, 1.134941121563315e-03, 1.172681571915746e-03, 1.173163880594075e-03, 1.173144788481295e-03, 1.173145370557904e-03, 1.149637741036713e-03, 1.149513758718967e-03, 1.182666746899486e-03, 1.18260714225471e-03, 1.182612730190158e-03, 1.18261412717402e-03, 1.164233428426087e-03, 1.164233428426087e-03, 1.164233428426087e-03, 1.164233428426087e-03, 1.164233428426087e-03, 1.164233428426087e-03, 1.164233428426087e-03, 1.164233428426087e-03, 1.164233428426087e-03, 1.164233428426087e-03, 1.164233428426087e-03, 1.164233428426087e-03, 1.164233428426087e-03]
roo.roo49.vol.C[1]=[0e+00, 0e+00, 0e+00, 0e+00, 0e+00, 0e+00, 0e+00, 0e+00, 0e+00, 0e+00, 0e+00, 0e+00, 0e+00, 0e+00, 0e+00, 0e+00, 0e+00, 9.783377026906298e-05, 3.87093867175281e-04, 7.803031476214528e-04, 1.121018663980067e-03, 1.127278781495988e-03, 1.138754654675722e-03, 1.14015769213438e-03, 1.136801904067397e-03, 1.138695166446269e-03, 1.14313792437315e-03, 1.143159111961722e-03, 1.128792413510382e-03, 1.133430167101324e-03, 1.14913028664887e-03, 1.14951329305768e-03, 1.145798014476895e-03, 1.145645626820624e-03, 1.135182217694819e-03, 1.135750906541944e-03, 1.135971397161484e-03, 1.136044622398913e-03, 1.126200659200549e-03, 1.126200659200549e-03, 1.126200659200549e-03, 1.126200659200549e-03, 1.126200659200549e-03, 1.126200659200549e-03, 1.126200659200549e-03, 1.126200659200549e-03, 1.126200659200549e-03, 1.126200659200549e-03, 1.126200659200549e-03, 1.126200659200549e-03, 1.126200659200549e-03, 1.126200659200549e-03, 1.126200659200549e-03, 1.126200659200549e-03, 1.126200659200549e-03, 1.126200659200549e-03, 1.126200659200549e-03, 1.126200659200549e-03, 1.126200659200549e-03, 1.126200659200549e-03, 1.126200659200549e-03, 1.126200659200549e-03, 1.126200659200549e-03, 1.087045180611312e-03, 1.072121202014387e-03, 1.065462827682495e-03, 1.06077129021287e-03, 1.119164284318686e-03, 1.122759422287345e-03, 1.144271343946457e-03, 1.144016394391656e-03, 1.144247595220804e-03, 1.144945854321122e-03, 1.144938170909882e-03, 1.144707784987986e-03, 1.144687179476023e-03, 1.143658650107682e-03, 1.14348391070962e-03, 1.134106074459851e-03, 1.135124708525836e-03, 1.149599789641798e-03, 1.14967324770987e-03, 1.145821763202548e-03, 1.145662274211645e-03, 1.135197700932622e-03, 1.135750091634691e-03, 1.135967788286507e-03, 1.136041712015867e-03, 1.126196817494929e-03, 1.126196817494929e-03, 1.126196817494929e-03, 1.126196817494929e-03, 1.126196817494929e-03, 1.126196817494929e-03, 1.126196817494929e-03, 1.126196817494929e-03, 1.126196817494929e-03, 1.126196817494929e-03, 1.126196817494929e-03, 1.126196817494929e-03, 1.126196817494929e-03]
roo.roo50.vol.C[1]=[0e+00, 0e+00, 0e+00, 0e+00, 0e+00, 0e+00, 0e+00, 0e+00, 0e+00, 0e+00, 0e+00, 0e+00, 0e+00, 0e+00, 0e+00, 0e+00, 0e+00, 3.048919279535786e-05, 1.229120389325544e-04, 2.51001474680379e-04, 5.156754632480443e-04, 7.705200696364045e-04, 9.488564101047814e-04, 1.078719855286181e-03, 1.121818786486983e-03, 1.124894013628364e-03, 1.168805873021483e-03, 1.170271541923285e-03, 1.113894977606833e-03, 1.121236127801239e-03, 1.137887011282146e-03, 1.140987500548363e-03, 1.141536980867386e-03, 1.141759566962719e-03, 1.128111616708338e-03, 1.128283911384642e-03, 1.128935953602195e-03, 1.129348296672106e-03, 1.127886935137212e-03, 1.127886935137212e-03, 1.127886935137212e-03, 1.127886935137212e-03, 1.127886935137212e-03, 1.127886935137212e-03, 1.127886935137212e-03, 1.127886935137212e-03, 1.127886935137212e-03, 1.127886935137212e-03, 1.127886935137212e-03, 1.127886935137212e-03, 1.127886935137212e-03, 1.127886935137212e-03, 1.127886935137212e-03, 1.127886935137212e-03, 1.127886935137212e-03, 1.127886935137212e-03, 1.127886935137212e-03, 1.127886935137212e-03, 1.127886935137212e-03, 1.127886935137212e-03, 1.127886935137212e-03, 1.127886935137212e-03, 1.127886935137212e-03, 1.109092612750828e-03, 1.095429179258645e-03, 1.088602701202035e-03, 1.08400359749794e-03, 1.109318574890494e-03, 1.13683647941798e-03, 1.162527012638747e-03, 1.174138393253088e-03, 1.157262362539768e-03, 1.142575405538082e-03, 1.142402994446456e-03, 1.142142107710242e-03, 1.142088323831558e-03, 1.17587368004024e-03, 1.176184508949518e-03, 1.134157995693386e-03, 1.134513760916889e-03, 1.144872163422406e-03, 1.145178452134132e-03, 1.1433883337304e-03, 1.14311242941767e-03, 1.129800570197403e-03, 1.129441545344889e-03, 1.129669137299061e-03, 1.129813375882804e-03, 1.128249103203416e-03, 1.128249103203416e-03, 1.128249103203416e-03, 1.128249103203416e-03, 1.128249103203416e-03, 1.128249103203416e-03, 1.128249103203416e-03, 1.128249103203416e-03, 1.128249103203416e-03, 1.128249103203416e-03, 1.128249103203416e-03, 1.128249103203416e-03, 1.128249103203416e-03]
roo.roo45.ple.C[1]=[0e+00, 0e+00, 0e+00, 0e+00, 0e+00, 0e+00, 0e+00, 0e+00, 0e+00, 0e+00, 0e+00, 0e+00, 0e+00, 0e+00, 0e+00, 0e+00, 0e+00, 6.859228847133748e-07, 1.080069341696799e-05, 3.250329245929606e-05, 8.081545092863962e-05, 6.03815948124975e-04, 1.121526933275163e-03, 1.152436016127467e-03, 1.154030556790531e-03, 1.154673402197659e-03, 1.122260466217995e-03, 1.10563775524497e-03, 1.153313904069364e-03, 1.155251637101173e-03, 1.155354198999703e-03, 1.155419973656535e-03, 1.169110997579992e-03, 1.169436145573854e-03, 1.143232453614473e-03, 1.140302279964089e-03, 1.140269218012691e-03, 1.140278531238437e-03, 1.139803207479417e-03, 1.139803207479417e-03, 1.139803207479417e-03, 1.139803207479417e-03, 1.139803207479417e-03, 1.139803207479417e-03, 1.139803207479417e-03, 1.139803207479417e-03, 1.139803207479417e-03, 1.139803207479417e-03, 1.139803207479417e-03, 1.139803207479417e-03, 1.139803207479417e-03, 1.139803207479417e-03, 1.139803207479417e-03, 1.139803207479417e-03, 1.139803207479417e-03, 1.139803207479417e-03, 1.139803207479417e-03, 1.139803207479417e-03, 1.139803207479417e-03, 1.139803207479417e-03, 1.139803207479417e-03, 1.139803207479417e-03, 1.139803207479417e-03, 1.128767267800868e-03, 1.120016444474459e-03, 1.115257618948817e-03, 1.111937221139669e-03, 1.117201987653971e-03, 1.147505128756166e-03, 1.145372167229653e-03, 1.140661188401282e-03, 1.144454116001725e-03, 1.155221369117498e-03, 1.155425794422626e-03, 1.155258854851127e-03, 1.155214151367545e-03, 1.121934037655592e-03, 1.10531528480351e-03, 1.153616467490792e-03, 1.155466423369944e-03, 1.155479112640023e-03, 1.155494246631861e-03, 1.169133582152426e-03, 1.169446506537497e-03, 1.143245841376483e-03, 1.140326727181673e-03, 1.14028446841985e-03, 1.140287262387574e-03, 1.139809610322118e-03, 1.139809610322118e-03, 1.139809610322118e-03, 1.139809610322118e-03, 1.139809610322118e-03, 1.139809610322118e-03, 1.139809610322118e-03, 1.139809610322118e-03, 1.139809610322118e-03, 1.139809610322118e-03, 1.139809610322118e-03, 1.139809610322118e-03, 1.139809610322118e-03]
roo.roo46.ple.C[1]=[0e+00, 0e+00, 0e+00, 0e+00, 0e+00, 0e+00, 0e+00, 0e+00, 0e+00, 0e+00, 0e+00, 0e+00, 0e+00, 0e+00, 0e+00, 0e+00, 0e+00, 5.090740842206371e-07, 8.06106527306838e-06, 2.429803134873509e-05, 5.43941387149971e-05, 4.501324438024312e-04, 1.047819852828979e-03, 1.150533556938171e-03, 1.151106553152204e-03, 1.151673262938857e-03, 1.130333403125405e-03, 1.115977647714317e-03, 1.181910396553576e-03, 1.189559930935502e-03, 1.189572620205581e-03, 1.189534086734056e-03, 1.169900642707944e-03, 1.16610701661557e-03, 1.174737350083888e-03, 1.176425605081022e-03, 1.176500110886991e-03, 1.176501042209566e-03, 1.175639219582081e-03, 1.175639219582081e-03, 1.175639219582081e-03, 1.175639219582081e-03, 1.175639219582081e-03, 1.175639219582081e-03, 1.175639219582081e-03, 1.175639219582081e-03, 1.175639219582081e-03, 1.175639219582081e-03, 1.175639219582081e-03, 1.175639219582081e-03, 1.175639219582081e-03, 1.175639219582081e-03, 1.175639219582081e-03, 1.175639219582081e-03, 1.175639219582081e-03, 1.175639219582081e-03, 1.175639219582081e-03, 1.175639219582081e-03, 1.175639219582081e-03, 1.175639219582081e-03, 1.175639219582081e-03, 1.175639219582081e-03, 1.175639219582081e-03, 1.157816383056343e-03, 1.146403606981039e-03, 1.140752690844238e-03, 1.136943465098739e-03, 1.137299579568207e-03, 1.162239816039801e-03, 1.158645143732429e-03, 1.141954329796135e-03, 1.14235864020884e-03, 1.163142384029925e-03, 1.164335757493973e-03, 1.153793884441257e-03, 1.152393175289035e-03, 1.130495453253388e-03, 1.115954481065273e-03, 1.181937055662274e-03, 1.189510570839047e-03, 1.189533737488091e-03, 1.189512084238231e-03, 1.169890165328979e-03, 1.166104804724455e-03, 1.17473432328552e-03, 1.17642036639154e-03, 1.176496502012014e-03, 1.176499761641026e-03, 1.175637706182897e-03, 1.175637706182897e-03, 1.175637706182897e-03, 1.175637706182897e-03, 1.175637706182897e-03, 1.175637706182897e-03, 1.175637706182897e-03, 1.175637706182897e-03, 1.175637706182897e-03, 1.175637706182897e-03, 1.175637706182897e-03, 1.175637706182897e-03, 1.175637706182897e-03]
roo.roo47.ple.C[1]=[0e+00, 0e+00, 0e+00, 0e+00, 0e+00, 0e+00, 0e+00, 0e+00, 0e+00, 0e+00, 0e+00, 0e+00, 0e+00, 0e+00, 0e+00, 0e+00, 0e+00, 1.149586879023464e-07, 1.825949311751174e-06, 5.585174221778288e-06, 2.081160528177861e-05, 7.357557478826493e-05, 3.091823600698262e-04, 6.366090965457261e-04, 9.396392269991338e-04, 1.104115159250796e-03, 1.126052928157151e-03, 1.130810938775539e-03, 1.170040806755424e-03, 1.179299550130963e-03, 1.179908169433475e-03, 1.179911545477808e-03, 1.159375649876893e-03, 1.149590942077339e-03, 1.155246631242335e-03, 1.158763654530048e-03, 1.159137696959078e-03, 1.159170758910477e-03, 1.158891245722771e-03, 1.158891245722771e-03, 1.158891245722771e-03, 1.158891245722771e-03, 1.158891245722771e-03, 1.158891245722771e-03, 1.158891245722771e-03, 1.158891245722771e-03, 1.158891245722771e-03, 1.158891245722771e-03, 1.158891245722771e-03, 1.158891245722771e-03, 1.158891245722771e-03, 1.158891245722771e-03, 1.158891245722771e-03, 1.158891245722771e-03, 1.158891245722771e-03, 1.158891245722771e-03, 1.158891245722771e-03, 1.158891245722771e-03, 1.158891245722771e-03, 1.158891245722771e-03, 1.158891245722771e-03, 1.158891245722771e-03, 1.158891245722771e-03, 1.149403280578554e-03, 1.140996930189431e-03, 1.136518782004714e-03, 1.133415498770773e-03, 1.129272393882275e-03, 1.129758893512189e-03, 1.134534715674818e-03, 1.14347180351615e-03, 1.14544399548322e-03, 1.146441209129989e-03, 1.146837486885488e-03, 1.146774273365736e-03, 1.146695576608181e-03, 1.138902734965086e-03, 1.135242288000882e-03, 1.170674804598093e-03, 1.179323880933225e-03, 1.179886166937649e-03, 1.179896760731936e-03, 1.159359817393124e-03, 1.149585586972535e-03, 1.155245932750404e-03, 1.158761791884899e-03, 1.159134088084102e-03, 1.15917157381773e-03, 1.158891129307449e-03, 1.158891129307449e-03, 1.158891129307449e-03, 1.158891129307449e-03, 1.158891129307449e-03, 1.158891129307449e-03, 1.158891129307449e-03, 1.158891129307449e-03, 1.158891129307449e-03, 1.158891129307449e-03, 1.158891129307449e-03, 1.158891129307449e-03, 1.158891129307449e-03]
roo.roo48.ple.C[1]=[0e+00, 0e+00, 0e+00, 0e+00, 0e+00, 0e+00, 0e+00, 0e+00, 0e+00, 0e+00, 0e+00, 0e+00, 0e+00, 0e+00, 0e+00, 0e+00, 0e+00, 4.598559399937661e-08, 7.330969538088539e-07, 2.250200168418814e-06, 5.684224106516922e-06, 1.966471972991712e-05, 1.8583849305287e-04, 5.043213022872806e-04, 7.21998861990869e-04, 8.90339317265898e-04, 9.523502667434514e-04, 9.916520211845636e-04, 1.093013561330736e-03, 1.14551919978112e-03, 1.163334003649652e-03, 1.169614726677537e-03, 1.164256711490452e-03, 1.158324535936117e-03, 1.167825539596379e-03, 1.177516300231218e-03, 1.180861610919237e-03, 1.182003878057003e-03, 1.18195335380733e-03, 1.18195335380733e-03, 1.18195335380733e-03, 1.18195335380733e-03, 1.18195335380733e-03, 1.18195335380733e-03, 1.18195335380733e-03, 1.18195335380733e-03, 1.18195335380733e-03, 1.18195335380733e-03, 1.18195335380733e-03, 1.18195335380733e-03, 1.18195335380733e-03, 1.18195335380733e-03, 1.18195335380733e-03, 1.18195335380733e-03, 1.18195335380733e-03, 1.18195335380733e-03, 1.18195335380733e-03, 1.18195335380733e-03, 1.18195335380733e-03, 1.18195335380733e-03, 1.18195335380733e-03, 1.18195335380733e-03, 1.18195335380733e-03, 1.176007441245019e-03, 1.172468299046159e-03, 1.170676434412599e-03, 1.169451978057623e-03, 1.167444628663361e-03, 1.157341524958611e-03, 1.150866271927953e-03, 1.149826683104038e-03, 1.149156130850315e-03, 1.148961368016899e-03, 1.148953684605658e-03, 1.148891518823802e-03, 1.148820156231523e-03, 1.145959133282304e-03, 1.143605215474963e-03, 1.15807494148612e-03, 1.167835900560021e-03, 1.17124745156616e-03, 1.1724594514817e-03, 1.165666966699064e-03, 1.159176114015281e-03, 1.168194808997214e-03, 1.17763876914978e-03, 1.180897350423038e-03, 1.182019943371415e-03, 1.181961968541145e-03, 1.181961968541145e-03, 1.181961968541145e-03, 1.181961968541145e-03, 1.181961968541145e-03, 1.181961968541145e-03, 1.181961968541145e-03, 1.181961968541145e-03, 1.181961968541145e-03, 1.181961968541145e-03, 1.181961968541145e-03, 1.181961968541145e-03, 1.181961968541145e-03]
roo.roo49.ple.C[1]=[0e+00, 0e+00, 0e+00, 0e+00, 0e+00, 0e+00, 0e+00, 0e+00, 0e+00, 0e+00, 0e+00, 0e+00, 0e+00, 0e+00, 0e+00, 0e+00, 0e+00, 1.736380261796484e-09, 2.757018613408491e-08, 8.529218575858977e-08, 3.266830171924084e-04, 7.193020428530872e-04, 7.59739603381604e-04, 5.960637354291975e-04, 6.245023687370121e-04, 7.738777785561979e-04, 9.171810816042125e-04, 1.034879824146628e-03, 1.076296553947032e-03, 1.139075728133321e-03, 1.160682295449078e-03, 1.168641378171742e-03, 1.168042304925621e-03, 1.162927714176476e-03, 1.164387562312186e-03, 1.17597880307585e-03, 1.180327264592052e-03, 1.181817380711436e-03, 1.182146603241563e-03, 1.182146603241563e-03, 1.182146603241563e-03, 1.182146603241563e-03, 1.182146603241563e-03, 1.182146603241563e-03, 1.182146603241563e-03, 1.182146603241563e-03, 1.182146603241563e-03, 1.182146603241563e-03, 1.182146603241563e-03, 1.182146603241563e-03, 1.182146603241563e-03, 1.182146603241563e-03, 1.182146603241563e-03, 1.182146603241563e-03, 1.182146603241563e-03, 1.182146603241563e-03, 1.182146603241563e-03, 1.182146603241563e-03, 1.182146603241563e-03, 1.182146603241563e-03, 1.182146603241563e-03, 1.182146603241563e-03, 1.182146603241563e-03, 1.181152416393161e-03, 1.180352293886244e-03, 1.179915037937462e-03, 1.179612474516034e-03, 1.178791048005223e-03, 1.16496963892132e-03, 1.156007521785796e-03, 1.154350466094911e-03, 1.152801210992038e-03, 1.149934134446084e-03, 1.149176969192922e-03, 1.14902202039957e-03, 1.148918527178466e-03, 1.146713038906455e-03, 1.144980196841061e-03, 1.154862227849662e-03, 1.166554167866707e-03, 1.170722651295364e-03, 1.172267831861973e-03, 1.170087023638189e-03, 1.164350542239845e-03, 1.164885703474283e-03, 1.17613619659096e-03, 1.180373365059495e-03, 1.181838102638721e-03, 1.182158128358424e-03, 1.182158128358424e-03, 1.182158128358424e-03, 1.182158128358424e-03, 1.182158128358424e-03, 1.182158128358424e-03, 1.182158128358424e-03, 1.182158128358424e-03, 1.182158128358424e-03, 1.182158128358424e-03, 1.182158128358424e-03, 1.182158128358424e-03, 1.182158128358424e-03]
roo.roo50.ple.C[1]=[0e+00, 0e+00, 0e+00, 0e+00, 0e+00, 0e+00, 0e+00, 0e+00, 0e+00, 0e+00, 0e+00, 0e+00, 0e+00, 0e+00, 0e+00, 0e+00, 0e+00, 9.408454917925512e-12, 6.269030294880906e-10, 3.349779120753738e-09, 8.137695886034635e-07, 7.139564786484698e-06, 2.14124156627804e-05, 7.565109262941405e-05, 1.638795074541122e-04, 2.900811086874455e-04, 3.677209024317563e-04, 4.306884075049311e-04, 6.210416904650637e-04, 8.137779077515006e-04, 9.458055719733238e-04, 1.030766870826483e-03, 1.069486606866121e-03, 1.088438904844224e-03, 1.10994337592274e-03, 1.13312469329685e-03, 1.149974181316793e-03, 1.161430613137782e-03, 1.165835536085069e-03, 1.165835536085069e-03, 1.165835536085069e-03, 1.165835536085069e-03, 1.165835536085069e-03, 1.165835536085069e-03, 1.165835536085069e-03, 1.165835536085069e-03, 1.165835536085069e-03, 1.165835536085069e-03, 1.165835536085069e-03, 1.165835536085069e-03, 1.165835536085069e-03, 1.165835536085069e-03, 1.165835536085069e-03, 1.165835536085069e-03, 1.165835536085069e-03, 1.165835536085069e-03, 1.165835536085069e-03, 1.165835536085069e-03, 1.165835536085069e-03, 1.165835536085069e-03, 1.165835536085069e-03, 1.165835536085069e-03, 1.165835536085069e-03, 1.166492118500173e-03, 1.166616682894528e-03, 1.166652305983007e-03, 1.166668371297419e-03, 1.166689675301313e-03, 1.165972207672894e-03, 1.163933309726417e-03, 1.161583233624697e-03, 1.159481704235077e-03, 1.157245831564069e-03, 1.155442441813648e-03, 1.154156168922782e-03, 1.153119024820626e-03, 1.152444514445961e-03, 1.151648699305952e-03, 1.151528442278504e-03, 1.156298210844398e-03, 1.161524676717818e-03, 1.165524357929826e-03, 1.166910631582141e-03, 1.16590061224997e-03, 1.164768938906491e-03, 1.168143819086254e-03, 1.172317308373749e-03, 1.175680430606008e-03, 1.177057391032577e-03, 1.177057391032577e-03, 1.177057391032577e-03, 1.177057391032577e-03, 1.177057391032577e-03, 1.177057391032577e-03, 1.177057391032577e-03, 1.177057391032577e-03, 1.177057391032577e-03, 1.177057391032577e-03, 1.177057391032577e-03, 1.177057391032577e-03, 1.177057391032577e-03]
=======
  "nonlinear": "9, 1, 10, 0, 0, 0, 0, 0, 0, 1, 1",
  "number of continuous time states": "63",
  "numerical Jacobians": "0"
}
time=[0e+00, 1.728e+05]
roo.roo45.vavACH.y=[-0e+00, 2.899088846590459e-14, 7.89249579320056e-14, 3.890348211356117e-15, -1.605475142071747e-15, 1.59874758288818e-13, -3.82118415956454e-14, 9.415633149458694e-14, 2.41293448980176e-13, 8.197529975792137e-14, -4.773179735576699e-14, 5.986920350751698e-14, -9.098602269828546e-14, 1.453795004636049e-02, 1.453795004636049e-02, 1.453795004636049e-02, 1.453795004636049e-02, 1.453795004636049e-02, 1.453795004636049e-02, 1.453795004636049e-02, 1.460641529411077e-02, 8.86046826839447e-01, 1.438407778739929e+00, 1.600924849510193e+00, 1.628705978393555e+00, 1.655382513999939e+00, 9.387826174497604e-02, 5.664819851517677e-02, 1.69885790348053e+00, 1.717621207237244e+00, 1.729163765907288e+00, 1.731714844703674e+00, 2.201904535293579e+00, 2.19892406463623e+00, 1.185160756111145e+00, 1.179360866546631e+00, 1.179899454116821e+00, 1.180208921432495e+00, -1.37812469769294e-11, 1.129712642877756e-11, 1.954444418805767e-12, 9.762394885537429e-12, 1.640885994788621e-12, -9.302314127324074e-12, -3.292867714610459e-11, -3.704182099939501e-11, -2.6249044604576e-11, -5.700453564044805e-12, 2.06645620753898e-11, 2.57744780379765e-11, 2.262003084840813e-11, 1.445194484916978e-11, 3.031439899450761e-12, -8.659888778295155e-12, -1.899655953374602e-11, -2.445463449796127e-11, -2.354393069392552e-11, -1.328345679979537e-11, 8.766393860826227e-12, 6.843117652394204e-12, -5.838815542169584e-12, -3.208887582734077e-12, 8.770783578582186e-12, 1.555822044610977e-01, 5.642243474721909e-02, 3.466612473130226e-02, 2.496181055903435e-02, 1.105130672454834e+00, 1.41834545135498e+00, 1.193138480186468e+00, 1.154595255851746e+00, 1.550741791725159e+00, 1.684980511665344e+00, 1.684686541557312e+00, 1.675817251205444e+00, 1.674758076667786e+00, 9.834659099578857e-02, 6.003334373235703e-02, 1.712044358253479e+00, 1.726873755455017e+00, 1.734504461288452e+00, 1.734889149665833e+00, 2.202694177627563e+00, 2.199471950531006e+00, 1.186422109603882e+00, 1.180159211158752e+00, 1.180396556854248e+00, 1.180528998374939e+00, 2.46683524302016e-11, 2.330912025894083e-11, -1.415330613124821e-11, 9.525083846662064e-12, 5.225366580402513e-12, -1.644766094155425e-11, -2.077132042754837e-11, -2.007992036534567e-11, -2.466706179593547e-11, -1.710484358319331e-11, 1.978631451390878e-12, 1.862244386474643e-11, -2.516256127071959e-11]
roo.roo46.vavACH.y=[-0e+00, 2.509956489610971e-14, 6.604981996451501e-14, 3.532284885239063e-16, -1.386560641524176e-15, 1.312949992867199e-13, -2.709082077049195e-14, 8.190015099484112e-14, 1.969678082745438e-13, 7.04849522389743e-14, -3.770736571291969e-14, 4.786442577464807e-14, -7.469223942688577e-14, 1.196239236742258e-02, 1.196239236742258e-02, 1.196239236742258e-02, 1.196239236742258e-02, 1.196239236742258e-02, 1.196239236742258e-02, 1.196239236742258e-02, 1.201684959232807e-02, 8.50585401058197e-01, 1.430835604667664e+00, 1.403731822967529e+00, 1.235432863235474e+00, 1.258933901786804e+00, 8.920484036207199e-02, 5.017774924635887e-02, 2.370437145233155e+00, 2.392405271530151e+00, 2.394068002700806e+00, 2.394217491149902e+00, 1.673806309700012e+00, 1.668637871742249e+00, 2.01221752166748e+00, 2.009896516799927e+00, 2.010062217712402e+00, 2.010109663009644e+00, -3.732926120991742e-11, 3.057567740660794e-11, 4.034963335675101e-12, 2.60345651287297e-11, 3.927287748478614e-12, -2.491559215889172e-11, -8.789027838851382e-11, -9.925094079932251e-11, -7.134096091654385e-11, -1.537937659168431e-11, 5.493237462128597e-11, 6.818917652751111e-11, 5.954768622640216e-11, 3.744287171980609e-11, 7.108823078805226e-12, -2.434675724916069e-11, -5.09395511882893e-11, -6.556459541950947e-11, -6.298477711608172e-11, -3.497262202056847e-11, 2.370808410701031e-11, 1.882352433646428e-11, -1.577357515436528e-11, -8.85770363306948e-12, 2.386588322800254e-11, 1.9351826608181e-01, 6.154675036668777e-02, 3.664125129580498e-02, 2.600332908332348e-02, 1.304125070571899e+00, 1.638329386711121e+00, 1.004635691642778e+00, 8.662407398223877e-01, 1.405365705490112e+00, 1.649456262588501e+00, 1.474884748458862e+00, 1.270900011062622e+00, 1.269867062568665e+00, 9.108063578605652e-02, 5.123450607061386e-02, 2.37238335609436e+00, 2.393000602722168e+00, 2.394367456436157e+00, 2.394366025924683e+00, 1.673889517784119e+00, 1.668662548065186e+00, 2.012170791625977e+00, 2.009912252426147e+00, 2.010069847106934e+00, 2.010116577148438e+00, 6.653441686488293e-11, 6.032336435923824e-11, -3.85340925834754e-11, 2.556627652638976e-11, 1.504335891966413e-11, -4.365194317124121e-11, -5.559796720233656e-11, -5.445599526865408e-11, -6.646302258550563e-11, -4.505091438788966e-11, 5.902381448180671e-12, 5.012419992955763e-11, -6.698513965730513e-11]
roo.roo47.vavACH.y=[-0e+00, 1.592727380918865e-14, 4.109994611897587e-14, 1.507592332324395e-15, -4.648117120859615e-16, 8.336958375173772e-14, -2.009801321949198e-14, 5.20984758155611e-14, 1.303177265534958e-13, 4.491840452651615e-14, -2.524422118284179e-14, 3.282773426466386e-14, -4.963159738876829e-14, 7.902559824287891e-03, 7.902559824287891e-03, 7.902559824287891e-03, 7.902559824287891e-03, 7.902559824287891e-03, 7.902559824287891e-03, 7.902559824287891e-03, 7.930795662105083e-03, 7.905664853751659e-03, 7.931902073323727e-03, 7.939553819596767e-03, 6.12832248210907e-01, 7.159314751625061e-01, 4.87086147069931e-01, 4.847431778907776e-01, 1.345440983772278e+00, 1.367319941520691e+00, 1.367948174476624e+00, 1.367949247360229e+00, 7.529350519180298e-01, 7.351769208908081e-01, 9.591400623321534e-01, 9.650218486785889e-01, 9.651831984519958e-01, 9.65237557888031e-01, -1.691134038361852e-11, 1.351817095762708e-11, 1.801490488902158e-12, 1.151543443933534e-11, 1.96560216020325e-12, -1.112793884816554e-11, -3.94122789959539e-11, -4.453940688486924e-11, -3.169205523012586e-11, -6.403308872721114e-12, 2.467058328459171e-11, 3.083220137534148e-11, 2.724204369031202e-11, 1.725663709151171e-11, 3.815395482192896e-12, -1.049211498932445e-11, -2.272631388633428e-11, -2.925549733023837e-11, -2.800733603369735e-11, -1.51804194215012e-11, 1.147142190266459e-11, 8.826348506241199e-12, -7.106905775683403e-12, -3.683122383468795e-12, 1.079699177286564e-11, 1.826411634683609e-01, 6.145607307553291e-02, 3.675892204046249e-02, 2.610862627625465e-02, 1.57509371638298e-01, 4.830619692802432e-01, 6.488686800003005e-01, 7.143961787223816e-01, 7.110856771469116e-01, 7.250863909721375e-01, 7.276008129119873e-01, 7.245981693267822e-01, 7.239348888397217e-01, 4.947454035282135e-01, 4.898275136947632e-01, 1.346504330635071e+00, 1.367516994476318e+00, 1.368040204048157e+00, 1.367989063262939e+00, 7.530032396316528e-01, 7.351944446563721e-01, 9.591193199157715e-01, 9.650521874427795e-01, 9.652125835418701e-01, 9.65253472328186e-01, 2.982338334622803e-11, 2.720834321734422e-11, -1.702414771653782e-11, 1.138414362777951e-11, 6.53318241519707e-12, -1.962281379053188e-11, -2.521517890319291e-11, -2.423661792094745e-11, -2.933428153162332e-11, -2.044080356367051e-11, 2.626472173430927e-12, 2.258269786448164e-11, -3.06216996204256e-11]
roo.roo48.vavACH.y=[-0e+00, 2.383613224605109e-14, 6.603933030849621e-14, 1.198854752280834e-15, -3.452595654984464e-15, 1.363397513377135e-13, -3.152371348983871e-14, 8.471303221619185e-14, 2.122492584249666e-13, 7.182711321334842e-14, -4.337697396910277e-14, 5.276737434587592e-14, -8.030556742592149e-14, 1.27057982608676e-02, 1.27057982608676e-02, 1.27057982608676e-02, 1.27057982608676e-02, 1.27057982608676e-02, 1.27057982608676e-02, 1.27057982608676e-02, 1.272388454526663e-02, 1.268269214779139e-02, 1.047954678535461e+00, 1.165708065032959e+00, 1.17762565612793e+00, 1.198156356811523e+00, 8.092841506004333e-01, 8.100322484970093e-01, 1.930232048034668e+00, 1.94853138923645e+00, 1.949257731437683e+00, 1.94940459728241e+00, 1.232133030891418e+00, 1.227008819580078e+00, 2.259172201156616e+00, 2.258614301681519e+00, 2.258803606033325e+00, 2.258858680725098e+00, -4.286447932710935e-11, 3.442121240815332e-11, 4.727756380829007e-12, 2.913868799025998e-11, 4.861758565177787e-12, -2.737370052852128e-11, -9.907100834150029e-11, -1.121035902995615e-10, -8.000761164694836e-11, -1.541323145504148e-11, 6.315784006893921e-11, 7.863295431453921e-11, 6.932563550998694e-11, 4.376862067223541e-11, 9.640167136781841e-12, -2.58390270985176e-11, -5.590381976783299e-11, -7.243357302844094e-11, -6.955958725685085e-11, -3.689571217990772e-11, 3.096656611689674e-11, 2.216189384784961e-11, -1.873073224301081e-11, -9.971004924502758e-12, 2.857901762465254e-11, 1.983166933059692e-01, 6.185217574238777e-02, 3.666802495718002e-02, 2.597296983003616e-02, 4.349171221256256e-01, 8.237730264663697e-01, 1.143249630928031e+00, 1.192905426025391e+00, 1.189302206039429e+00, 1.21188497543335e+00, 1.214573383331299e+00, 1.209516763687134e+00, 1.208667635917664e+00, 8.217604756355286e-01, 8.180378675460815e-01, 1.931583285331726e+00, 1.94897735118866e+00, 1.949476599693298e+00, 1.949504017829895e+00, 1.232223153114319e+00, 1.227029800415039e+00, 2.258969306945801e+00, 2.258625030517578e+00, 2.258812189102173e+00, 2.258865594863892e+00, 7.445202093725456e-11, 6.861752138709321e-11, -4.40050530736702e-11, 2.808598666137474e-11, 1.64908538213826e-11, -4.885523929853974e-11, -6.231008764512325e-11, -6.088182735730641e-11, -7.389975437144258e-11, -5.131326613616594e-11, 6.472194308271284e-12, 5.658818205689364e-11, -7.715233313332348e-11]
roo.roo49.vavACH.y=[-0e+00, 7.629903382277287e-14, 2.014203148888172e-13, 1.087836282642404e-14, -1.363228695475582e-15, 4.090267350081306e-13, -9.853439407719183e-14, 2.529510346842295e-13, 6.386031569001471e-13, 2.237806158910879e-13, -1.273946497338391e-13, 1.634961968328269e-13, -2.387073286432007e-13, 3.842131420969963e-02, 3.842131420969963e-02, 3.842131420969963e-02, 3.842131420969963e-02, 3.842131420969963e-02, 3.842131420969963e-02, 3.842131420969963e-02, 1.41551947593689e+00, 1.83354377746582e+00, 2.767815828323364e+00, 2.902390956878662e+00, 2.616087913513184e+00, 2.753164291381836e+00, 3.173619508743286e+00, 3.176565408706665e+00, 1.911917924880984e+00, 2.284486293792725e+00, 3.651540994644165e+00, 3.68688702583313e+00, 3.367491245269775e+00, 3.353093147277832e+00, 2.446203947067261e+00, 2.495754480361938e+00, 2.514811754226685e+00, 2.521237373352051e+00, -2.453257041956647e-11, 2.000761188669653e-11, 2.639672985402242e-12, 1.746534861180038e-11, 2.721451536347175e-12, -1.637211893834589e-11, -5.856808094062416e-11, -6.593226659079576e-11, -4.705330569620969e-11, -9.732614887625335e-12, 3.670776876907311e-11, 4.638821618496713e-11, 4.048780755105952e-11, 2.549931966966401e-11, 5.576874465701431e-12, -1.565403535963572e-11, -3.32372532274583e-11, -4.276384801826797e-11, -4.085538504727804e-11, -2.206418207861848e-11, 1.805035981794489e-11, 1.299898643586372e-11, -1.049979807959955e-11, -5.68194536559874e-12, 1.628395508712632e-11, 2.181558609008789e-01, 7.499302178621292e-02, 4.554075747728348e-02, 3.841907158493996e-02, 1.217450499534607e+00, 1.513559460639954e+00, 3.249894380569431e+00, 3.235751152038574e+00, 3.241436719894409e+00, 3.300997734069824e+00, 3.303011178970337e+00, 3.285941362380981e+00, 3.283967971801758e+00, 3.220118522644043e+00, 3.205720186233521e+00, 2.335981130599976e+00, 2.425061702728271e+00, 3.694443702697754e+00, 3.701358318328857e+00, 3.369572877883911e+00, 3.354516506195068e+00, 2.44720458984375e+00, 2.495667934417725e+00, 2.514556169509888e+00, 2.520940780639648e+00, 4.403296824384562e-11, 4.062419844963472e-11, -2.52752662549538e-11, 1.687211828582669e-11, 9.717862799185628e-12, -2.839628185369314e-11, -3.690918751186878e-11, -3.526303207768144e-11, -4.374234308102132e-11, -3.061834813467001e-11, 3.827461351330053e-12, 3.332812151257691e-11, -4.536655426323755e-11]
roo.roo50.vavACH.y=[0e+00, 9.650754587836596e-15, 2.676689843080296e-14, 1.086370470951357e-15, -8.699889165534312e-16, 5.556513772318403e-14, -1.228882091436822e-14, 3.415899900720457e-14, 8.589256964095654e-14, 2.927049742992502e-14, -1.704612640548043e-14, 2.277077655664199e-14, -3.255410535325104e-14, 5.201767198741436e-03, 5.201767198741436e-03, 5.201767198741436e-03, 5.201767198741436e-03, 5.201767198741436e-03, 5.201767198741436e-03, 5.201767198741436e-03, 5.208506714552641e-03, 5.196694284677505e-03, 5.209943279623985e-03, 1.56059330329299e-02, 1.979676336050034e-01, 2.28112131357193e-01, 7.59972095489502e-01, 7.821745872497559e-01, 1.380765587091447e-01, 1.943842172622681e-01, 3.697577714920044e-01, 4.073919951915741e-01, 4.111596941947937e-01, 4.13729190826416e-01, 2.641650736331939e-01, 2.650484442710876e-01, 2.71919846534729e-01, 2.763250172138214e-01, -3.719411931224492e-12, 2.974496083468781e-12, 4.28305421728073e-13, 2.601008167527064e-12, 4.471698076928543e-13, -2.527800451596063e-12, -8.666112098765222e-12, -9.731595737583199e-12, -6.947063150436472e-12, -1.461123973547918e-12, 5.412670311955026e-12, 6.806833308808935e-12, 5.996555682563631e-12, 3.778730800485519e-12, 8.205541281169904e-13, -2.361790884392034e-12, -4.986917996607776e-12, -6.389226821224011e-12, -6.125584414706773e-12, -3.420372275339564e-12, 2.472268266842659e-12, 1.94323918935313e-12, -1.470460797396711e-12, -8.525550599693121e-13, 2.358318401673998e-12, 1.07783317565918e-01, 4.774913191795349e-02, 3.072395920753479e-02, 2.258518151938915e-02, 1.051092520356178e-01, 3.547679185867312e-01, 6.681890487670805e-01, 8.320127725601195e-01, 6.181024312973022e-01, 4.260226488113403e-01, 4.233530461788177e-01, 4.20337438583374e-01, 4.196427464485168e-01, 8.544586896896362e-01, 8.605146408081055e-01, 3.281386494636536e-01, 3.314726054668427e-01, 4.546321332454681e-01, 4.588683545589447e-01, 4.33929830789566e-01, 4.30187314748764e-01, 2.820508480072021e-01, 2.773074805736542e-01, 2.797389328479767e-01, 2.813172340393066e-01, 6.551737017496118e-12, 6.103357836489964e-12, -3.786961196017291e-12, 2.587356761132864e-12, 1.508491248580768e-12, -4.258081300750893e-12, -5.615838523376215e-12, -5.461644157767065e-12, -6.643474399076199e-12, -4.543059938660887e-12, 5.725274854900819e-13, 4.932340993968332e-12, -6.759741204287462e-12]
fan32.m_flow=[-0e+00, -1.249305936479317e-10, -0e+00, 1.249305936479317e-10, -2.498611872958634e-10, 7.495835618875901e-10, 2.498611872958634e-10, 1.249305936479291e-10, -0e+00, 3.747917809437951e-10, 2.498611872958634e-10, -1.249305936479317e-10, 2.498611872958634e-10, 1.786291226744652e-02, 1.786292158067226e-02, 1.786291226744652e-02, 1.786292158067226e-02, 1.786292158067226e-02, 1.786291226744652e-02, 1.786291226744652e-02, 3.996874764561653e-02, 9.135424494743347e-01, 1.630490303039551e+00, 1.735955953598022e+00, 1.821754932403564e+00, 1.87603771686554e+00, 3.918855488300323e-01, 3.543529510498047e-01, 2.562320470809937e+00, 2.598502159118652e+00, 2.637337923049927e+00, 2.641474962234497e+00, 2.406553506851196e+00, 2.398076057434082e+00, 2.080161094665527e+00, 2.077741861343384e+00, 2.078854560852051e+00, 2.079410791397095e+00, -6.246529404840828e-10, -0e+00, 2.498611872958634e-10, 4.997223745917267e-10, -2.498611872958634e-10, -1.249305936479317e-10, 7.121043754665379e-09, 7.370904775427789e-09, 7.620766240279409e-09, -1.249305936479317e-10, 9.994447491834535e-10, -7.995557993467628e-09, -7.995557993467628e-09, 3.747917809437951e-10, -0e+00, -4.997223745917267e-10, -9.994447491834535e-10, 8.120488281804238e-09, 8.370349746655474e-09, 1.249305936479211e-10, 8.745141277799462e-10, 4.997223745917267e-10, 1.249305936479317e-10, -1.249305936479317e-10, 2.498611872958634e-10, 2.463336139917374e-01, 8.390456438064575e-02, 5.075216665863991e-02, 3.637707605957985e-02, 1.311133503913879e+00, 1.773699402809143e+00, 1.502219200134285e+00, 1.451758503913879e+00, 1.897398710250854e+00, 2.074231386184692e+00, 2.004434108734131e+00, 1.91504430770874e+00, 1.913665652275085e+00, 4.041799008846283e-01, 3.634572327136993e-01, 2.588112115859985e+00, 2.613787412643433e+00, 2.64581823348999e+00, 2.64637303352356e+00, 2.408302545547485e+00, 2.399297952651978e+00, 2.081816911697388e+00, 2.078872442245483e+00, 2.079566478729248e+00, 2.079864978790283e+00, -8.370349746655847e-09, -7.870626816952608e-09, -7.495835618875901e-10, -2.498611872958634e-10, 1.249305936479317e-10, -7.495835618875901e-10, 7.620766240279409e-09, -8.745141277799462e-10, 8.120488281804228e-09, -8.745141277799462e-10, 2.498611872958634e-10, 3.747917809437951e-10, 8.620211211507467e-09]
fan56.m_flow=[-3.283341778287049e-21, 2.002277510460004e-11, -4.098986428058282e-11, 2.173836604430976e-13, 2.285868543061564e-11, -4.190739075204952e-11, -2.353098445262436e-11, -2.127031190068941e-11, -1.734432562849886e-11, -3.953536456546836e-11, -2.188018169424488e-11, -2.828903290005153e-13, -1.471997111875123e-12, 1.786291599273682e-02, 1.786291599273682e-02, 1.786291599273682e-02, 1.786291599273682e-02, 1.786291599273682e-02, 1.786291599273682e-02, 1.786291599273682e-02, 3.996889665722847e-02, 9.132596850395203e-01, 1.630353331565857e+00, 1.736201882362366e+00, 1.821696400642395e+00, 1.876027584075928e+00, 3.918942213058472e-01, 3.543541431427002e-01, 2.562256813049317e+00, 2.598495244979858e+00, 2.637334585189819e+00, 2.641473531723022e+00, 2.406570434570312e+00, 2.398077011108398e+00, 2.080170392990112e+00, 2.077741384506226e+00, 2.078854322433472e+00, 2.079410552978516e+00, -2.595323261855853e-11, 4.559064584186423e-11, -5.625290272655292e-13, 2.300313585446023e-12, 2.062874350505783e-11, -4.341417503272993e-11, -5.089717189377119e-11, -9.227577035808565e-11, -2.805130086547258e-11, -2.051588759988121e-11, 8.139396275030908e-12, 5.050477050461133e-11, 6.841019417613836e-11, 6.519571688068382e-11, 4.252663846071592e-11, -2.932364420726863e-12, -9.479826645897305e-12, -7.105573768262463e-11, -7.093371029442963e-11, -7.080933062120209e-11, -2.177093574862177e-11, 2.247859710868827e-11, -2.092285199262189e-11, -2.627538161006915e-12, 4.179303431106618e-11, 2.464278340339661e-01, 8.390919119119644e-02, 5.075442418456078e-02, 3.63774485886097e-02, 1.310248851776123e+00, 1.773687243461609e+00, 1.502374887466438e+00, 1.451759815216064e+00, 1.896770358085632e+00, 2.074227571487427e+00, 2.004656553268433e+00, 1.915045976638794e+00, 1.913665771484375e+00, 4.041912853717804e-01, 3.634589910507202e-01, 2.588052034378052e+00, 2.613785028457642e+00, 2.645817279815674e+00, 2.64637279510498e+00, 2.40831995010376e+00, 2.399299144744873e+00, 2.081825971603394e+00, 2.078872203826904e+00, 2.079566478729248e+00, 2.079864978790283e+00, 8.991517252976422e-11, 8.608933704801203e-11, 1.539604208011802e-11, 6.621075909762908e-11, 3.361670533955086e-12, -2.64165217478407e-11, -2.673176610623607e-11, -4.482805446293092e-11, -7.216475333970962e-11, -4.518716303913983e-11, 1.242669487276638e-12, 4.767602979072194e-11, -1.08321900060826e-10]
fan32.dp=[0e+00, 0e+00, 0e+00, 0e+00, 0e+00, 0e+00, 0e+00, 0e+00, 0e+00, 0e+00, 0e+00, 0e+00, 0e+00, -8.188967132568359e+01, -8.188967132568359e+01, -8.188967132568359e+01, -8.188967132568359e+01, -8.188967132568359e+01, -8.188967132568359e+01, -8.188967132568359e+01, -8.231346130371094e+01, -8.813427734375e+01, -1.023861618041992e+02, -1.049146041870117e+02, -1.076291580200195e+02, -1.092255477905273e+02, -8.605641174316406e+01, -8.587779235839844e+01, -1.33210693359375e+02, -1.348071136474609e+02, -1.369888000488281e+02, -1.371919708251953e+02, -1.248961791992188e+02, -1.245796051025391e+02, -1.18576774597168e+02, -1.185447616577148e+02, -1.185922317504883e+02, -1.186153259277344e+02, 0e+00, 0e+00, 0e+00, 0e+00, 0e+00, 0e+00, 0e+00, 0e+00, 0e+00, 0e+00, 0e+00, 0e+00, 0e+00, 0e+00, 0e+00, 0e+00, 0e+00, 0e+00, 0e+00, 0e+00, 0e+00, 0e+00, 0e+00, 0e+00, 0e+00, -8.294947052001953e+01, -8.216740417480469e+01, -8.202724456787109e+01, -8.196891784667969e+01, -9.491348266601562e+01, -1.058328170776367e+02, -1.011396865844728e+02, -1.003784866333008e+02, -1.103640289306641e+02, -1.151413421630859e+02, -1.130974655151367e+02, -1.105696716308594e+02, -1.105302963256836e+02, -8.623187255859375e+01, -8.600386810302734e+01, -1.344825134277344e+02, -1.355425415039062e+02, -1.374000854492188e+02, -1.374274291992188e+02, -1.249706878662109e+02, -1.24631706237793e+02, -1.186402740478516e+02, -1.185884475708008e+02, -1.186197967529297e+02, -1.186328659057617e+02, 0e+00, 0e+00, 0e+00, 0e+00, 0e+00, 0e+00, 0e+00, 0e+00, 0e+00, 0e+00, 0e+00, 0e+00, 0e+00]
fan56.dp=[0e+00, 0e+00, 0e+00, 0e+00, 0e+00, 0e+00, 0e+00, 0e+00, 0e+00, 0e+00, 0e+00, 0e+00, 0e+00, -3.27558708190918e+01, -3.27558708190918e+01, -3.27558708190918e+01, -3.27558708190918e+01, -3.27558708190918e+01, -3.27558708190918e+01, -3.27558708190918e+01, -3.292538452148438e+01, -3.525371170043945e+01, -4.095446395874023e+01, -4.196584320068359e+01, -4.305166625976562e+01, -4.369021987915039e+01, -3.442256546020508e+01, -3.435111618041992e+01, -5.328427505493165e+01, -5.392284393310547e+01, -5.47955207824707e+01, -5.487678527832031e+01, -4.995847320556641e+01, -4.983184051513672e+01, -4.743070983886719e+01, -4.741790390014648e+01, -4.743689346313477e+01, -4.744612884521484e+01, 0e+00, 0e+00, 0e+00, 0e+00, 0e+00, 0e+00, 0e+00, 0e+00, 0e+00, 0e+00, 0e+00, 0e+00, 0e+00, 0e+00, 0e+00, 0e+00, 0e+00, 0e+00, 0e+00, 0e+00, 0e+00, 0e+00, 0e+00, 0e+00, 0e+00, -3.317978668212891e+01, -3.286696243286133e+01, -3.281089782714844e+01, -3.278756713867188e+01, -3.796539306640625e+01, -4.233312606811523e+01, -4.045587539672857e+01, -4.015139389038086e+01, -4.414561080932617e+01, -4.605653762817383e+01, -4.523898696899414e+01, -4.422786712646484e+01, -4.421211624145508e+01, -3.449274826049805e+01, -3.440154647827148e+01, -5.379300308227539e+01, -5.421701431274414e+01, -5.496003341674805e+01, -5.497097396850586e+01, -4.998827362060547e+01, -4.985268402099609e+01, -4.745611190795898e+01, -4.743537902832031e+01, -4.744791793823242e+01, -4.745314407348633e+01, 0e+00, 0e+00, 0e+00, 0e+00, 0e+00, 0e+00, 0e+00, 0e+00, 0e+00, 0e+00, 0e+00, 0e+00, 0e+00]
roo.roo45.volFraCO2.V=[0e+00, 0e+00, 0e+00, 0e+00, 0e+00, 0e+00, 0e+00, 0e+00, 0e+00, 0e+00, 0e+00, 0e+00, 0e+00, 0e+00, 0e+00, 0e+00, 0e+00, 7.092707528499931e-05, 2.826338750310242e-04, 4.821182519663125e-04, 6.471073138527572e-04, 7.458128384314477e-04, 7.562430109828711e-04, 7.592140464112163e-04, 7.595893694087863e-04, 7.60024762712419e-04, 7.171487668529153e-04, 7.121539674699306e-04, 7.600875105708838e-04, 7.60359107516706e-04, 7.60414928663522e-04, 7.604501442983747e-04, 7.697104592807591e-04, 7.696677348576486e-04, 7.505858666263521e-04, 7.504695095121861e-04, 7.504771347157657e-04, 7.504818495362997e-04, 7.455786690115929e-04, 7.455786690115929e-04, 7.455786690115929e-04, 7.455786690115929e-04, 7.455786690115929e-04, 7.455786690115929e-04, 7.455786690115929e-04, 7.455786690115929e-04, 7.455786690115929e-04, 7.455786690115929e-04, 7.455786690115929e-04, 7.455786690115929e-04, 7.455786690115929e-04, 7.455786690115929e-04, 7.455786690115929e-04, 7.455786690115929e-04, 7.455786690115929e-04, 7.455786690115929e-04, 7.455786690115929e-04, 7.455786690115929e-04, 7.455786690115929e-04, 7.455786690115929e-04, 7.455786690115929e-04, 7.455786690115929e-04, 7.455786690115929e-04, 7.227205787785351e-04, 7.124532712623477e-04, 7.07835890352726e-04, 7.048173574730754e-04, 7.501019281335175e-04, 7.558267097920179e-04, 7.513642194680871e-04, 7.505844114348292e-04, 7.579986704513431e-04, 7.604218553751707e-04, 7.604485144838691e-04, 7.603277335874736e-04, 7.60309339966625e-04, 7.176075596362352e-04, 7.127069984562695e-04, 7.602541008964181e-04, 7.604880374856293e-04, 7.604901911690831e-04, 7.60495662689209e-04, 7.697205292060971e-04, 7.696746615692973e-04, 7.506071124225855e-04, 7.504827808588743e-04, 7.504854002036154e-04, 7.504871464334428e-04, 7.455821032635868e-04, 7.455821032635868e-04, 7.455821032635868e-04, 7.455821032635868e-04, 7.455821032635868e-04, 7.455821032635868e-04, 7.455821032635868e-04, 7.455821032635868e-04, 7.455821032635868e-04, 7.455821032635868e-04, 7.455821032635868e-04, 7.455821032635868e-04, 7.455821032635868e-04]
roo.roo46.volFraCO2.V=[0e+00, 0e+00, 0e+00, 0e+00, 0e+00, 0e+00, 0e+00, 0e+00, 0e+00, 0e+00, 0e+00, 0e+00, 0e+00, 0e+00, 0e+00, 0e+00, 0e+00, 8.536083623766953e-05, 3.403154260013252e-04, 5.615862901322544e-04, 6.846287287771702e-04, 7.489342242479324e-04, 7.621222757734358e-04, 7.614836213178933e-04, 7.576352218165994e-04, 7.581458776257932e-04, 7.18657101970166e-04, 7.12903740350157e-04, 7.826439687050879e-04, 7.830765098333359e-04, 7.829074165783823e-04, 7.828963571228087e-04, 7.674162625335157e-04, 7.673051441088319e-04, 7.743790629319847e-04, 7.743217283859849e-04, 7.743219030089676e-04, 7.743213209323585e-04, 7.642252603545785e-04, 7.642252603545785e-04, 7.642252603545785e-04, 7.642252603545785e-04, 7.642252603545785e-04, 7.642252603545785e-04, 7.642252603545785e-04, 7.642252603545785e-04, 7.642252603545785e-04, 7.642252603545785e-04, 7.642252603545785e-04, 7.642252603545785e-04, 7.642252603545785e-04, 7.642252603545785e-04, 7.642252603545785e-04, 7.642252603545785e-04, 7.642252603545785e-04, 7.642252603545785e-04, 7.642252603545785e-04, 7.642252603545785e-04, 7.642252603545785e-04, 7.642252603545785e-04, 7.642252603545785e-04, 7.642252603545785e-04, 7.642252603545785e-04, 7.273155497387052e-04, 7.152247708290815e-04, 7.101945811882615e-04, 7.069821585901082e-04, 7.594681810587645e-04, 7.668198668397963e-04, 7.521931547671561e-04, 7.488492410629988e-04, 7.613676134496927e-04, 7.66830169595778e-04, 7.629444007761776e-04, 7.583614788018167e-04, 7.583384867757559e-04, 7.188591407611966e-04, 7.130979793146253e-04, 7.825925713405013e-04, 7.830385584384203e-04, 7.828859379515052e-04, 7.828839006833732e-04, 7.67414690926671e-04, 7.673032232560217e-04, 7.743742316961288e-04, 7.743194000795484e-04, 7.743203896097839e-04, 7.743204478174448e-04, 7.642234559170902e-04, 7.642234559170902e-04, 7.642234559170902e-04, 7.642234559170902e-04, 7.642234559170902e-04, 7.642234559170902e-04, 7.642234559170902e-04, 7.642234559170902e-04, 7.642234559170902e-04, 7.642234559170902e-04, 7.642234559170902e-04, 7.642234559170902e-04, 7.642234559170902e-04]
roo.roo47.volFraCO2.V=[0e+00, 0e+00, 0e+00, 0e+00, 0e+00, 0e+00, 0e+00, 0e+00, 0e+00, 0e+00, 0e+00, 0e+00, 0e+00, 0e+00, 0e+00, 0e+00, 0e+00, 2.396322634012919e-05, 9.574353316565976e-05, 1.76356581505388e-04, 2.854422491509467e-04, 3.97542753489688e-04, 5.305801751092076e-04, 6.663781823590398e-04, 7.507777772843838e-04, 7.544426480308175e-04, 7.458756444975734e-04, 7.457811152562499e-04, 7.759704603813589e-04, 7.76676635723561e-04, 7.765729678794742e-04, 7.765644113533199e-04, 7.558371871709824e-04, 7.552170427516103e-04, 7.627207669429481e-04, 7.62914540246129e-04, 7.629180327057838e-04, 7.629189058206975e-04, 7.582296384498477e-04, 7.582296384498477e-04, 7.582296384498477e-04, 7.582296384498477e-04, 7.582296384498477e-04, 7.582296384498477e-04, 7.582296384498477e-04, 7.582296384498477e-04, 7.582296384498477e-04, 7.582296384498477e-04, 7.582296384498477e-04, 7.582296384498477e-04, 7.582296384498477e-04, 7.582296384498477e-04, 7.582296384498477e-04, 7.582296384498477e-04, 7.582296384498477e-04, 7.582296384498477e-04, 7.582296384498477e-04, 7.582296384498477e-04, 7.582296384498477e-04, 7.582296384498477e-04, 7.582296384498477e-04, 7.582296384498477e-04, 7.582296384498477e-04, 7.315802504308522e-04, 7.194241043180227e-04, 7.142401882447302e-04, 7.109220023266971e-04, 7.298453710973263e-04, 7.46052828617394e-04, 7.519430364482104e-04, 7.542084786109626e-04, 7.542422390542924e-04, 7.548090070486069e-04, 7.548584835603833e-04, 7.547117420472205e-04, 7.54688517190516e-04, 7.461587665602565e-04, 7.459683110937476e-04, 7.759499712847173e-04, 7.766528287902474e-04, 7.765592890791595e-04, 7.765563786961138e-04, 7.558375946246088e-04, 7.552162860520184e-04, 7.627177401445806e-04, 7.629140163771808e-04, 7.629180327057838e-04, 7.629187894053757e-04, 7.582290563732386e-04, 7.582290563732386e-04, 7.582290563732386e-04, 7.582290563732386e-04, 7.582290563732386e-04, 7.582290563732386e-04, 7.582290563732386e-04, 7.582290563732386e-04, 7.582290563732386e-04, 7.582290563732386e-04, 7.582290563732386e-04, 7.582290563732386e-04, 7.582290563732386e-04]
roo.roo48.volFraCO2.V=[0e+00, 0e+00, 0e+00, 0e+00, 0e+00, 0e+00, 0e+00, 0e+00, 0e+00, 0e+00, 0e+00, 0e+00, 0e+00, 0e+00, 0e+00, 0e+00, 0e+00, 4.024518784717682e-05, 1.604929275345057e-04, 2.951245696749538e-04, 4.759175644721836e-04, 6.538896122947335e-04, 7.524148095399141e-04, 7.550255977548659e-04, 7.553363684564829e-04, 7.55801098421216e-04, 7.467701216228306e-04, 7.467852556146681e-04, 7.717213011346757e-04, 7.721157162450254e-04, 7.721089641563594e-04, 7.721112342551351e-04, 7.566756103187799e-04, 7.565602427348495e-04, 7.783531327731907e-04, 7.783398614265025e-04, 7.783434703014791e-04, 7.783445180393755e-04, 7.669453043490648e-04, 7.669453043490648e-04, 7.669453043490648e-04, 7.669453043490648e-04, 7.669453043490648e-04, 7.669453043490648e-04, 7.669453043490648e-04, 7.669453043490648e-04, 7.669453043490648e-04, 7.669453043490648e-04, 7.669453043490648e-04, 7.669453043490648e-04, 7.669453043490648e-04, 7.669453043490648e-04, 7.669453043490648e-04, 7.669453043490648e-04, 7.669453043490648e-04, 7.669453043490648e-04, 7.669453043490648e-04, 7.669453043490648e-04, 7.669453043490648e-04, 7.669453043490648e-04, 7.669453043490648e-04, 7.669453043490648e-04, 7.669453043490648e-04, 7.269824855029583e-04, 7.146953139454126e-04, 7.096391054801643e-04, 7.064200472086668e-04, 7.368405931629241e-04, 7.473493460565805e-04, 7.544956170022485e-04, 7.555637857876718e-04, 7.556012133136392e-04, 7.561531383544207e-04, 7.561846869066358e-04, 7.560429512523115e-04, 7.560241501778364e-04, 7.470636628568172e-04, 7.469731499440968e-04, 7.717423723079264e-04, 7.721219444647431e-04, 7.721121655777097e-04, 7.721125730313361e-04, 7.566772401332855e-04, 7.565604755654931e-04, 7.783485343679786e-04, 7.783399196341634e-04, 7.7834352850914e-04, 7.783445762470365e-04, 7.669440819881856e-04, 7.669440819881856e-04, 7.669440819881856e-04, 7.669440819881856e-04, 7.669440819881856e-04, 7.669440819881856e-04, 7.669440819881856e-04, 7.669440819881856e-04, 7.669440819881856e-04, 7.669440819881856e-04, 7.669440819881856e-04, 7.669440819881856e-04, 7.669440819881856e-04]
roo.roo49.volFraCO2.V=[0e+00, 0e+00, 0e+00, 0e+00, 0e+00, 0e+00, 0e+00, 0e+00, 0e+00, 0e+00, 0e+00, 0e+00, 0e+00, 0e+00, 0e+00, 0e+00, 0e+00, 6.438988202717196e-05, 2.547681506257504e-04, 5.135611863806844e-04, 7.377920555882156e-04, 7.417697343043983e-04, 7.494582096114755e-04, 7.504986133426428e-04, 7.483396329917014e-04, 7.49406695831567e-04, 7.523600943386555e-04, 7.523804670199752e-04, 7.428063545376062e-04, 7.459416519850492e-04, 7.562987157143652e-04, 7.565560517832637e-04, 7.541239610873163e-04, 7.54015869461e-04, 7.471029530279338e-04, 7.474932353943586e-04, 7.476432365365326e-04, 7.476938189938664e-04, 7.417050073854625e-04, 7.417050073854625e-04, 7.417050073854625e-04, 7.417050073854625e-04, 7.417050073854625e-04, 7.417050073854625e-04, 7.417050073854625e-04, 7.417050073854625e-04, 7.417050073854625e-04, 7.417050073854625e-04, 7.417050073854625e-04, 7.417050073854625e-04, 7.417050073854625e-04, 7.417050073854625e-04, 7.417050073854625e-04, 7.417050073854625e-04, 7.417050073854625e-04, 7.417050073854625e-04, 7.417050073854625e-04, 7.417050073854625e-04, 7.417050073854625e-04, 7.417050073854625e-04, 7.417050073854625e-04, 7.417050073854625e-04, 7.417050073854625e-04, 7.162338006310165e-04, 7.059962954372168e-04, 7.014981238171458e-04, 6.983938510529697e-04, 7.357844151556492e-04, 7.389416568912566e-04, 7.530520670115946e-04, 7.529433351010084e-04, 7.530715665780008e-04, 7.535491022281349e-04, 7.535453769378364e-04, 7.533975876867771e-04, 7.533828029409051e-04, 7.527042762376368e-04, 7.525966502726078e-04, 7.46356148738414e-04, 7.470769342035055e-04, 7.566130952909589e-04, 7.566632120870054e-04, 7.541400846093893e-04, 7.540269289165735e-04, 7.47111567761749e-04, 7.474930607713759e-04, 7.476415485143661e-04, 7.476917235180736e-04, 7.417026208713651e-04, 7.417026208713651e-04, 7.417026208713651e-04, 7.417026208713651e-04, 7.417026208713651e-04, 7.417026208713651e-04, 7.417026208713651e-04, 7.417026208713651e-04, 7.417026208713651e-04, 7.417026208713651e-04, 7.417026208713651e-04, 7.417026208713651e-04, 7.417026208713651e-04]
roo.roo50.volFraCO2.V=[0e+00, 0e+00, 0e+00, 0e+00, 0e+00, 0e+00, 0e+00, 0e+00, 0e+00, 0e+00, 0e+00, 0e+00, 0e+00, 0e+00, 0e+00, 0e+00, 0e+00, 2.006664362852475e-05, 8.089529001154006e-05, 1.651981292525306e-04, 3.393975202925503e-04, 5.07213466335088e-04, 6.246115081012249e-04, 7.100008660927415e-04, 7.382066105492413e-04, 7.403242052532732e-04, 7.691026548855007e-04, 7.702113944105804e-04, 7.332582026720047e-04, 7.378771551884711e-04, 7.488405681215227e-04, 7.509238785132766e-04, 7.513128221035004e-04, 7.514537428505719e-04, 7.425248622894287e-04, 7.425788789987564e-04, 7.430093246512115e-04, 7.432829006575048e-04, 7.423167116940022e-04, 7.423167116940022e-04, 7.423167116940022e-04, 7.423167116940022e-04, 7.423167116940022e-04, 7.423167116940022e-04, 7.423167116940022e-04, 7.423167116940022e-04, 7.423167116940022e-04, 7.423167116940022e-04, 7.423167116940022e-04, 7.423167116940022e-04, 7.423167116940022e-04, 7.423167116940022e-04, 7.423167116940022e-04, 7.423167116940022e-04, 7.423167116940022e-04, 7.423167116940022e-04, 7.423167116940022e-04, 7.423167116940022e-04, 7.423167116940022e-04, 7.423167116940022e-04, 7.423167116940022e-04, 7.423167116940022e-04, 7.423167116940022e-04, 7.302549784071743e-04, 7.211589836515486e-04, 7.166190189309418e-04, 7.135653286240995e-04, 7.299783173948526e-04, 7.480995845980942e-04, 7.645465084351595e-04, 7.727498305030167e-04, 7.62053532525897e-04, 7.520251674577594e-04, 7.518775528296828e-04, 7.517100893892348e-04, 7.51672254409641e-04, 7.738150889053941e-04, 7.741160807199776e-04, 7.464821101166308e-04, 7.466747192665935e-04, 7.53477041143924e-04, 7.537031779065728e-04, 7.525510736741126e-04, 7.52348976675421e-04, 7.436380255967379e-04, 7.433440187014639e-04, 7.434938452206552e-04, 7.43590877391398e-04, 7.425554213114083e-04, 7.425554213114083e-04, 7.425554213114083e-04, 7.425554213114083e-04, 7.425554213114083e-04, 7.425554213114083e-04, 7.425554213114083e-04, 7.425554213114083e-04, 7.425554213114083e-04, 7.425554213114083e-04, 7.425554213114083e-04, 7.425554213114083e-04, 7.425554213114083e-04]
roo.roo45.con.CO2Set=[6.99999975040555e-04, 6.99999975040555e-04]
roo.roo45.vol.C[1]=[0e+00, 0e+00, 0e+00, 0e+00, 0e+00, 0e+00, 0e+00, 0e+00, 0e+00, 0e+00, 0e+00, 0e+00, 0e+00, 0e+00, 0e+00, 0e+00, 0e+00, 1.077663546311676e-04, 4.29432955570519e-04, 7.32528860680759e-04, 9.832126088440418e-04, 1.133185578510165e-03, 1.149033079855144e-03, 1.153547316789627e-03, 1.154117519035935e-03, 1.154778990894556e-03, 1.089633442461491e-03, 1.082044327631593e-03, 1.154874335043132e-03, 1.155287143774331e-03, 1.155371894128621e-03, 1.155425445176661e-03, 1.169495517387986e-03, 1.169430557638407e-03, 1.140437670983374e-03, 1.140260836109519e-03, 1.140272477641702e-03, 1.140279578976333e-03, 1.13282969687134e-03, 1.13282969687134e-03, 1.13282969687134e-03, 1.13282969687134e-03, 1.13282969687134e-03, 1.13282969687134e-03, 1.13282969687134e-03, 1.13282969687134e-03, 1.13282969687134e-03, 1.13282969687134e-03, 1.13282969687134e-03, 1.13282969687134e-03, 1.13282969687134e-03, 1.13282969687134e-03, 1.13282969687134e-03, 1.13282969687134e-03, 1.13282969687134e-03, 1.13282969687134e-03, 1.13282969687134e-03, 1.13282969687134e-03, 1.13282969687134e-03, 1.13282969687134e-03, 1.13282969687134e-03, 1.13282969687134e-03, 1.13282969687134e-03, 1.098099281080067e-03, 1.082499162293971e-03, 1.075483509339392e-03, 1.070897094905376e-03, 1.139702391810715e-03, 1.148400478996336e-03, 1.141620217822492e-03, 1.140435459092259e-03, 1.151700620539486e-03, 1.155382487922907e-03, 1.155423000454903e-03, 1.155239413492382e-03, 1.155211473815143e-03, 1.09033053740859e-03, 1.08288461342454e-03, 1.155127538368106e-03, 1.155482954345644e-03, 1.155486213974655e-03, 1.155494595877826e-03, 1.169510767795146e-03, 1.169441151432693e-03, 1.14046991802752e-03, 1.140281092375517e-03, 1.140284934081137e-03, 1.140287611633539e-03, 1.132834935560822e-03, 1.132834935560822e-03, 1.132834935560822e-03, 1.132834935560822e-03, 1.132834935560822e-03, 1.132834935560822e-03, 1.132834935560822e-03, 1.132834935560822e-03, 1.132834935560822e-03, 1.132834935560822e-03, 1.132834935560822e-03, 1.132834935560822e-03, 1.132834935560822e-03]
roo.roo46.vol.C[1]=[0e+00, 0e+00, 0e+00, 0e+00, 0e+00, 0e+00, 0e+00, 0e+00, 0e+00, 0e+00, 0e+00, 0e+00, 0e+00, 0e+00, 0e+00, 0e+00, 0e+00, 1.296969712711879e-04, 5.17074135132134e-04, 8.532723295502365e-04, 1.040222588926554e-03, 1.137928222306073e-03, 1.15796597674489e-03, 1.156995655037463e-03, 1.151148346252739e-03, 1.151924254372716e-03, 1.091925194486976e-03, 1.083183567970991e-03, 1.189146656543016e-03, 1.189803821034729e-03, 1.189546892419457e-03, 1.189530128613114e-03, 1.166009693406522e-03, 1.165840774774551e-03, 1.176588935777545e-03, 1.176501857116818e-03, 1.176502089947462e-03, 1.176501275040209e-03, 1.161161228083074e-03, 1.161161228083074e-03, 1.161161228083074e-03, 1.161161228083074e-03, 1.161161228083074e-03, 1.161161228083074e-03, 1.161161228083074e-03, 1.161161228083074e-03, 1.161161228083074e-03, 1.161161228083074e-03, 1.161161228083074e-03, 1.161161228083074e-03, 1.161161228083074e-03, 1.161161228083074e-03, 1.161161228083074e-03, 1.161161228083074e-03, 1.161161228083074e-03, 1.161161228083074e-03, 1.161161228083074e-03, 1.161161228083074e-03, 1.161161228083074e-03, 1.161161228083074e-03, 1.161161228083074e-03, 1.161161228083074e-03, 1.161161228083074e-03, 1.10508082434535e-03, 1.086710137315094e-03, 1.079067238606513e-03, 1.074186293408275e-03, 1.153933466412127e-03, 1.165103516541421e-03, 1.142879715189338e-03, 1.137799001298845e-03, 1.156819402240217e-03, 1.165119116194546e-03, 1.159215229563415e-03, 1.152251847088337e-03, 1.152216922491789e-03, 1.092232181690633e-03, 1.083478680811822e-03, 1.189068541862071e-03, 1.189746195450425e-03, 1.189514296129346e-03, 1.189511152915657e-03, 1.166007248684764e-03, 1.165837980806828e-03, 1.17658160161227e-03, 1.176498364657164e-03, 1.176499878056347e-03, 1.176499878056347e-03, 1.161158550530672e-03, 1.161158550530672e-03, 1.161158550530672e-03, 1.161158550530672e-03, 1.161158550530672e-03, 1.161158550530672e-03, 1.161158550530672e-03, 1.161158550530672e-03, 1.161158550530672e-03, 1.161158550530672e-03, 1.161158550530672e-03, 1.161158550530672e-03, 1.161158550530672e-03]
roo.roo47.vol.C[1]=[0e+00, 0e+00, 0e+00, 0e+00, 0e+00, 0e+00, 0e+00, 0e+00, 0e+00, 0e+00, 0e+00, 0e+00, 0e+00, 0e+00, 0e+00, 0e+00, 0e+00, 3.640964496298716e-05, 1.454723969800398e-04, 2.679555909708142e-04, 4.336999845691025e-04, 6.040250882506371e-04, 8.06161726359278e-04, 1.012492692098022e-03, 1.140729291364551e-03, 1.146297552622855e-03, 1.133280922658741e-03, 1.133137266151607e-03, 1.17900688201189e-03, 1.180079882033169e-03, 1.179922372102737e-03, 1.179909333586693e-03, 1.148416544310749e-03, 1.147474278695881e-03, 1.15887529682368e-03, 1.159169827587903e-03, 1.159175066277385e-03, 1.159176463261247e-03, 1.152051612734795e-03, 1.152051612734795e-03, 1.152051612734795e-03, 1.152051612734795e-03, 1.152051612734795e-03, 1.152051612734795e-03, 1.152051612734795e-03, 1.152051612734795e-03, 1.152051612734795e-03, 1.152051612734795e-03, 1.152051612734795e-03, 1.152051612734795e-03, 1.152051612734795e-03, 1.152051612734795e-03, 1.152051612734795e-03, 1.152051612734795e-03, 1.152051612734795e-03, 1.152051612734795e-03, 1.152051612734795e-03, 1.152051612734795e-03, 1.152051612734795e-03, 1.152051612734795e-03, 1.152051612734795e-03, 1.152051612734795e-03, 1.152051612734795e-03, 1.111560617573559e-03, 1.093090511858463e-03, 1.085214200429618e-03, 1.080172485671937e-03, 1.108924625441432e-03, 1.133550191298127e-03, 1.142499735578894e-03, 1.145941787399352e-03, 1.145993126556277e-03, 1.146854367107153e-03, 1.146929454989731e-03, 1.146706519648433e-03, 1.146671129390597e-03, 1.133711077272892e-03, 1.133421785198152e-03, 1.178975799120963e-03, 1.180043676868081e-03, 1.17990153376013e-03, 1.179897109977901e-03, 1.148417126387358e-03, 1.147473114542663e-03, 1.158870756626129e-03, 1.15916901268065e-03, 1.159175066277385e-03, 1.159176346845925e-03, 1.15205068141222e-03, 1.15205068141222e-03, 1.15205068141222e-03, 1.15205068141222e-03, 1.15205068141222e-03, 1.15205068141222e-03, 1.15205068141222e-03, 1.15205068141222e-03, 1.15205068141222e-03, 1.15205068141222e-03, 1.15205068141222e-03, 1.15205068141222e-03, 1.15205068141222e-03]
roo.roo48.vol.C[1]=[0e+00, 0e+00, 0e+00, 0e+00, 0e+00, 0e+00, 0e+00, 0e+00, 0e+00, 0e+00, 0e+00, 0e+00, 0e+00, 0e+00, 0e+00, 0e+00, 0e+00, 6.114839925430753e-05, 2.438524243189022e-04, 4.484112723730505e-04, 7.231075433082879e-04, 9.935176931321621e-04, 1.143216504715383e-03, 1.147183356806636e-03, 1.147655537351966e-03, 1.148361596278846e-03, 1.134640071541071e-03, 1.134663005359471e-03, 1.172550721094012e-03, 1.173150027170777e-03, 1.173139782622457e-03, 1.17314315866679e-03, 1.149690360762179e-03, 1.149515155702829e-03, 1.182627165690064e-03, 1.182607025839388e-03, 1.182612497359514e-03, 1.182614010758698e-03, 1.165294088423252e-03, 1.165294088423252e-03, 1.165294088423252e-03, 1.165294088423252e-03, 1.165294088423252e-03, 1.165294088423252e-03, 1.165294088423252e-03, 1.165294088423252e-03, 1.165294088423252e-03, 1.165294088423252e-03, 1.165294088423252e-03, 1.165294088423252e-03, 1.165294088423252e-03, 1.165294088423252e-03, 1.165294088423252e-03, 1.165294088423252e-03, 1.165294088423252e-03, 1.165294088423252e-03, 1.165294088423252e-03, 1.165294088423252e-03, 1.165294088423252e-03, 1.165294088423252e-03, 1.165294088423252e-03, 1.165294088423252e-03, 1.165294088423252e-03, 1.104574766941369e-03, 1.085905591025949e-03, 1.078223227523267e-03, 1.073332270607352e-03, 1.119553111493587e-03, 1.135520054958761e-03, 1.146378112025559e-03, 1.14800117444247e-03, 1.148057985119522e-03, 1.148896524682641e-03, 1.148944487795234e-03, 1.148729119449854e-03, 1.148700597696006e-03, 1.13508605863899e-03, 1.134948572143912e-03, 1.172582851722836e-03, 1.173159456811845e-03, 1.173144672065973e-03, 1.173145254142582e-03, 1.149692805483937e-03, 1.149515388533473e-03, 1.182620180770755e-03, 1.182607025839388e-03, 1.182612613774836e-03, 1.18261412717402e-03, 1.165292225778103e-03, 1.165292225778103e-03, 1.165292225778103e-03, 1.165292225778103e-03, 1.165292225778103e-03, 1.165292225778103e-03, 1.165292225778103e-03, 1.165292225778103e-03, 1.165292225778103e-03, 1.165292225778103e-03, 1.165292225778103e-03, 1.165292225778103e-03, 1.165292225778103e-03]
roo.roo49.vol.C[1]=[0e+00, 0e+00, 0e+00, 0e+00, 0e+00, 0e+00, 0e+00, 0e+00, 0e+00, 0e+00, 0e+00, 0e+00, 0e+00, 0e+00, 0e+00, 0e+00, 0e+00, 9.783377026906298e-05, 3.87093867175281e-04, 7.803031476214528e-04, 1.120998756960034e-03, 1.12704245839268e-03, 1.138724270276725e-03, 1.140305073931813e-03, 1.137024722993374e-03, 1.138646039180458e-03, 1.143133384175599e-03, 1.143164350651205e-03, 1.128617441281676e-03, 1.133381272666156e-03, 1.149117713794112e-03, 1.149508752860129e-03, 1.145813381299376e-03, 1.145649119280279e-03, 1.135145663283765e-03, 1.135738682933152e-03, 1.135966624133289e-03, 1.136043458245695e-03, 1.126944087445736e-03, 1.126944087445736e-03, 1.126944087445736e-03, 1.126944087445736e-03, 1.126944087445736e-03, 1.126944087445736e-03, 1.126944087445736e-03, 1.126944087445736e-03, 1.126944087445736e-03, 1.126944087445736e-03, 1.126944087445736e-03, 1.126944087445736e-03, 1.126944087445736e-03, 1.126944087445736e-03, 1.126944087445736e-03, 1.126944087445736e-03, 1.126944087445736e-03, 1.126944087445736e-03, 1.126944087445736e-03, 1.126944087445736e-03, 1.126944087445736e-03, 1.126944087445736e-03, 1.126944087445736e-03, 1.126944087445736e-03, 1.126944087445736e-03, 1.088243210688233e-03, 1.072688377462327e-03, 1.065853866748512e-03, 1.061137299984694e-03, 1.117948326282203e-03, 1.122745452448726e-03, 1.144184730947017e-03, 1.144019537605345e-03, 1.144214416854084e-03, 1.144940033555031e-03, 1.144934329204261e-03, 1.144709764048457e-03, 1.144687295891345e-03, 1.143656321801245e-03, 1.1434928746894e-03, 1.134010963141918e-03, 1.135106198489666e-03, 1.149595365859568e-03, 1.149671501480043e-03, 1.145837944932282e-03, 1.145665999501944e-03, 1.135158818215132e-03, 1.135738450102508e-03, 1.135964062996209e-03, 1.136040315032005e-03, 1.126940478570759e-03, 1.126940478570759e-03, 1.126940478570759e-03, 1.126940478570759e-03, 1.126940478570759e-03, 1.126940478570759e-03, 1.126940478570759e-03, 1.126940478570759e-03, 1.126940478570759e-03, 1.126940478570759e-03, 1.126940478570759e-03, 1.126940478570759e-03, 1.126940478570759e-03]
roo.roo50.vol.C[1]=[0e+00, 0e+00, 0e+00, 0e+00, 0e+00, 0e+00, 0e+00, 0e+00, 0e+00, 0e+00, 0e+00, 0e+00, 0e+00, 0e+00, 0e+00, 0e+00, 0e+00, 3.048919279535786e-05, 1.229120389325544e-04, 2.51001474680379e-04, 5.156794795766473e-04, 7.706584292463958e-04, 9.490326046943665e-04, 1.078772940672934e-03, 1.12162868026644e-03, 1.124846050515771e-03, 1.168571994639933e-03, 1.170256640762091e-03, 1.114110113121569e-03, 1.121128094382584e-03, 1.137785846367478e-03, 1.140951295383275e-03, 1.141542103141546e-03, 1.141756307333708e-03, 1.128189731389284e-03, 1.128271920606494e-03, 1.128925941884518e-03, 1.12934154458344e-03, 1.127873547375202e-03, 1.127873547375202e-03, 1.127873547375202e-03, 1.127873547375202e-03, 1.127873547375202e-03, 1.127873547375202e-03, 1.127873547375202e-03, 1.127873547375202e-03, 1.127873547375202e-03, 1.127873547375202e-03, 1.127873547375202e-03, 1.127873547375202e-03, 1.127873547375202e-03, 1.127873547375202e-03, 1.127873547375202e-03, 1.127873547375202e-03, 1.127873547375202e-03, 1.127873547375202e-03, 1.127873547375202e-03, 1.127873547375202e-03, 1.127873547375202e-03, 1.127873547375202e-03, 1.127873547375202e-03, 1.127873547375202e-03, 1.127873547375202e-03, 1.109546981751919e-03, 1.095726620405912e-03, 1.088828546926379e-03, 1.084188697859645e-03, 1.109126606024802e-03, 1.13665999379009e-03, 1.161649473942816e-03, 1.174113480374217e-03, 1.157861552201211e-03, 1.142624532803893e-03, 1.142400200478733e-03, 1.142145833000541e-03, 1.142088323831558e-03, 1.175732119008899e-03, 1.176189398393035e-03, 1.134202349931002e-03, 1.134495134465396e-03, 1.144830486737192e-03, 1.145174144767225e-03, 1.143423491157591e-03, 1.143116503953934e-03, 1.129881129600108e-03, 1.129434444010258e-03, 1.129662035964429e-03, 1.129809534177184e-03, 1.128236181102693e-03, 1.128236181102693e-03, 1.128236181102693e-03, 1.128236181102693e-03, 1.128236181102693e-03, 1.128236181102693e-03, 1.128236181102693e-03, 1.128236181102693e-03, 1.128236181102693e-03, 1.128236181102693e-03, 1.128236181102693e-03, 1.128236181102693e-03, 1.128236181102693e-03]
roo.roo45.ple.C[1]=[0e+00, 0e+00, 0e+00, 0e+00, 0e+00, 0e+00, 0e+00, 0e+00, 0e+00, 0e+00, 0e+00, 0e+00, 0e+00, 0e+00, 0e+00, 0e+00, 0e+00, 6.859228847133748e-07, 1.080069341696799e-05, 3.250329245929606e-05, 8.08267286629416e-05, 6.064954795874655e-04, 1.121391891501844e-03, 1.152374199591577e-03, 1.154021942056715e-03, 1.15466327406466e-03, 1.123035326600075e-03, 1.106199459172785e-03, 1.153059769421816e-03, 1.155242091044784e-03, 1.155347563326359e-03, 1.15541834384203e-03, 1.169029390439391e-03, 1.169437891803682e-03, 1.143596135079861e-03, 1.140320440754294e-03, 1.140273991040885e-03, 1.140277949161828e-03, 1.139856409281492e-03, 1.139856409281492e-03, 1.139856409281492e-03, 1.139856409281492e-03, 1.139856409281492e-03, 1.139856409281492e-03, 1.139856409281492e-03, 1.139856409281492e-03, 1.139856409281492e-03, 1.139856409281492e-03, 1.139856409281492e-03, 1.139856409281492e-03, 1.139856409281492e-03, 1.139856409281492e-03, 1.139856409281492e-03, 1.139856409281492e-03, 1.139856409281492e-03, 1.139856409281492e-03, 1.139856409281492e-03, 1.139856409281492e-03, 1.139856409281492e-03, 1.139856409281492e-03, 1.139856409281492e-03, 1.139856409281492e-03, 1.139856409281492e-03, 1.129297306761146e-03, 1.120355678722262e-03, 1.115510589443147e-03, 1.112141646444798e-03, 1.116749714128673e-03, 1.147395349107683e-03, 1.145566697232425e-03, 1.14067702088505e-03, 1.144163659773767e-03, 1.155194477178156e-03, 1.15542602725327e-03, 1.155263278633356e-03, 1.155214849859476e-03, 1.122725894674659e-03, 1.10587861854583e-03, 1.153375138528645e-03, 1.155457575805485e-03, 1.155475270934403e-03, 1.155494130216539e-03, 1.169049763120711e-03, 1.169449067674577e-03, 1.143620349466801e-03, 1.140340231359005e-03, 1.140282722190022e-03, 1.140287262387574e-03, 1.139863394200802e-03, 1.139863394200802e-03, 1.139863394200802e-03, 1.139863394200802e-03, 1.139863394200802e-03, 1.139863394200802e-03, 1.139863394200802e-03, 1.139863394200802e-03, 1.139863394200802e-03, 1.139863394200802e-03, 1.139863394200802e-03, 1.139863394200802e-03, 1.139863394200802e-03]
roo.roo46.ple.C[1]=[0e+00, 0e+00, 0e+00, 0e+00, 0e+00, 0e+00, 0e+00, 0e+00, 0e+00, 0e+00, 0e+00, 0e+00, 0e+00, 0e+00, 0e+00, 0e+00, 0e+00, 5.090740842206371e-07, 8.06106527306838e-06, 2.429803134873509e-05, 5.440102177090012e-05, 4.53571294201538e-04, 1.047807862050831e-03, 1.150484895333648e-03, 1.151157077401876e-03, 1.151666045188904e-03, 1.130835968069732e-03, 1.116407453082502e-03, 1.181279891170561e-03, 1.189529430121183e-03, 1.189573667943478e-03, 1.1895343195647e-03, 1.170174102298915e-03, 1.166127854958177e-03, 1.17461837362498e-03, 1.17641594260931e-03, 1.176496385596693e-03, 1.176501391455531e-03, 1.175729790702462e-03, 1.175729790702462e-03, 1.175729790702462e-03, 1.175729790702462e-03, 1.175729790702462e-03, 1.175729790702462e-03, 1.175729790702462e-03, 1.175729790702462e-03, 1.175729790702462e-03, 1.175729790702462e-03, 1.175729790702462e-03, 1.175729790702462e-03, 1.175729790702462e-03, 1.175729790702462e-03, 1.175729790702462e-03, 1.175729790702462e-03, 1.175729790702462e-03, 1.175729790702462e-03, 1.175729790702462e-03, 1.175729790702462e-03, 1.175729790702462e-03, 1.175729790702462e-03, 1.175729790702462e-03, 1.175729790702462e-03, 1.175729790702462e-03, 1.158536993898451e-03, 1.14676624070853e-03, 1.140989828854799e-03, 1.137115876190364e-03, 1.136589795351028e-03, 1.161973457783461e-03, 1.159022678621114e-03, 1.142103807069361e-03, 1.142160734161735e-03, 1.163016888312995e-03, 1.164386514574289e-03, 1.153888180851936e-03, 1.152403536252677e-03, 1.131014665588737e-03, 1.116394763812423e-03, 1.181323663331568e-03, 1.189470873214304e-03, 1.189535018056631e-03, 1.189512084238231e-03, 1.170164905488491e-03, 1.166124013252556e-03, 1.174612320028245e-03, 1.176414312794805e-03, 1.176497666165233e-03, 1.176499528810382e-03, 1.1757283937186e-03, 1.1757283937186e-03, 1.1757283937186e-03, 1.1757283937186e-03, 1.1757283937186e-03, 1.1757283937186e-03, 1.1757283937186e-03, 1.1757283937186e-03, 1.1757283937186e-03, 1.1757283937186e-03, 1.1757283937186e-03, 1.1757283937186e-03, 1.1757283937186e-03]
roo.roo47.ple.C[1]=[0e+00, 0e+00, 0e+00, 0e+00, 0e+00, 0e+00, 0e+00, 0e+00, 0e+00, 0e+00, 0e+00, 0e+00, 0e+00, 0e+00, 0e+00, 0e+00, 0e+00, 1.149586879023464e-07, 1.825949311751174e-06, 5.585174221778288e-06, 2.08156016014982e-05, 7.384725176962093e-05, 3.095495339948684e-04, 6.365848821587861e-04, 9.40033933147788e-04, 1.10393634531647e-03, 1.126112882047892e-03, 1.13084027543664e-03, 1.169494818896055e-03, 1.179231214337051e-03, 1.179904909804463e-03, 1.179911429062486e-03, 1.159796491265297e-03, 1.149692106992006e-03, 1.155075151473284e-03, 1.158726867288351e-03, 1.159126288257539e-03, 1.159171806648374e-03, 1.158910570666194e-03, 1.158910570666194e-03, 1.158910570666194e-03, 1.158910570666194e-03, 1.158910570666194e-03, 1.158910570666194e-03, 1.158910570666194e-03, 1.158910570666194e-03, 1.158910570666194e-03, 1.158910570666194e-03, 1.158910570666194e-03, 1.158910570666194e-03, 1.158910570666194e-03, 1.158910570666194e-03, 1.158910570666194e-03, 1.158910570666194e-03, 1.158910570666194e-03, 1.158910570666194e-03, 1.158910570666194e-03, 1.158910570666194e-03, 1.158910570666194e-03, 1.158910570666194e-03, 1.158910570666194e-03, 1.158910570666194e-03, 1.158910570666194e-03, 1.149741816334426e-03, 1.141175627708435e-03, 1.136625185608864e-03, 1.133482903242111e-03, 1.129066222347319e-03, 1.129426178522408e-03, 1.134346588514745e-03, 1.143374247476459e-03, 1.145425252616405e-03, 1.14641897380352e-03, 1.146830385550857e-03, 1.146777183748782e-03, 1.146697206422687e-03, 1.139029394835234e-03, 1.135292230173945e-03, 1.170135568827391e-03, 1.179249375127256e-03, 1.179883372969925e-03, 1.179896644316614e-03, 1.159780076704919e-03, 1.149685587733984e-03, 1.155076432041824e-03, 1.158734201453626e-03, 1.159135485067964e-03, 1.159170526079834e-03, 1.158910454250872e-03, 1.158910454250872e-03, 1.158910454250872e-03, 1.158910454250872e-03, 1.158910454250872e-03, 1.158910454250872e-03, 1.158910454250872e-03, 1.158910454250872e-03, 1.158910454250872e-03, 1.158910454250872e-03, 1.158910454250872e-03, 1.158910454250872e-03, 1.158910454250872e-03]
roo.roo48.ple.C[1]=[0e+00, 0e+00, 0e+00, 0e+00, 0e+00, 0e+00, 0e+00, 0e+00, 0e+00, 0e+00, 0e+00, 0e+00, 0e+00, 0e+00, 0e+00, 0e+00, 0e+00, 4.598559755209028e-08, 7.33096896965435e-07, 2.250200168418814e-06, 5.642438281938666e-06, 1.959813744178973e-05, 1.858104224083945e-04, 5.037847440689802e-04, 7.21953809261322e-04, 8.901553228497505e-04, 9.520907769910991e-04, 9.914665715768933e-04, 1.092663616873324e-03, 1.145369722507894e-03, 1.163281267508864e-03, 1.169594237580895e-03, 1.164410961791873e-03, 1.158417901024222e-03, 1.167544280178845e-03, 1.177408383227885e-03, 1.18081655818969e-03, 1.181996893137693e-03, 1.181981875561178e-03, 1.181981875561178e-03, 1.181981875561178e-03, 1.181981875561178e-03, 1.181981875561178e-03, 1.181981875561178e-03, 1.181981875561178e-03, 1.181981875561178e-03, 1.181981875561178e-03, 1.181981875561178e-03, 1.181981875561178e-03, 1.181981875561178e-03, 1.181981875561178e-03, 1.181981875561178e-03, 1.181981875561178e-03, 1.181981875561178e-03, 1.181981875561178e-03, 1.181981875561178e-03, 1.181981875561178e-03, 1.181981875561178e-03, 1.181981875561178e-03, 1.181981875561178e-03, 1.181981875561178e-03, 1.181981875561178e-03, 1.181981875561178e-03, 1.176306279376149e-03, 1.172645948827267e-03, 1.170810428448021e-03, 1.169561641290784e-03, 1.167366863228381e-03, 1.157227554358542e-03, 1.150740892626345e-03, 1.149723422713578e-03, 1.149090356193483e-03, 1.148912357166409e-03, 1.148923765867949e-03, 1.148875337094069e-03, 1.148810843005776e-03, 1.146006747148931e-03, 1.143642817623913e-03, 1.157761784270406e-03, 1.16770900785923e-03, 1.171202166005969e-03, 1.172443386167288e-03, 1.165824243798852e-03, 1.159271225333214e-03, 1.167914946563542e-03, 1.177540398202837e-03, 1.180870225653052e-03, 1.182007137686014e-03, 1.181990257464349e-03, 1.181990257464349e-03, 1.181990257464349e-03, 1.181990257464349e-03, 1.181990257464349e-03, 1.181990257464349e-03, 1.181990257464349e-03, 1.181990257464349e-03, 1.181990257464349e-03, 1.181990257464349e-03, 1.181990257464349e-03, 1.181990257464349e-03, 1.181990257464349e-03]
roo.roo49.ple.C[1]=[0e+00, 0e+00, 0e+00, 0e+00, 0e+00, 0e+00, 0e+00, 0e+00, 0e+00, 0e+00, 0e+00, 0e+00, 0e+00, 0e+00, 0e+00, 0e+00, 0e+00, 1.73641390155413e-09, 2.757012929066605e-08, 8.529211470431619e-08, 3.267582214903086e-04, 7.19277304597199e-04, 7.623416022397578e-04, 5.984417512081563e-04, 6.252235034480691e-04, 7.735929684713483e-04, 9.145829826593399e-04, 1.033508218824863e-03, 1.07585673686117e-03, 1.138893072493374e-03, 1.160614541731775e-03, 1.168615417554975e-03, 1.168103655800223e-03, 1.163022359833121e-03, 1.164121669717133e-03, 1.175842247903347e-03, 1.180270104669034e-03, 1.181808300316334e-03, 1.182139501906931e-03, 1.182139501906931e-03, 1.182139501906931e-03, 1.182139501906931e-03, 1.182139501906931e-03, 1.182139501906931e-03, 1.182139501906931e-03, 1.182139501906931e-03, 1.182139501906931e-03, 1.182139501906931e-03, 1.182139501906931e-03, 1.182139501906931e-03, 1.182139501906931e-03, 1.182139501906931e-03, 1.182139501906931e-03, 1.182139501906931e-03, 1.182139501906931e-03, 1.182139501906931e-03, 1.182139501906931e-03, 1.182139501906931e-03, 1.182139501906931e-03, 1.182139501906931e-03, 1.182139501906931e-03, 1.182139501906931e-03, 1.182139501906931e-03, 1.181230531074107e-03, 1.18041189853102e-03, 1.179965096525848e-03, 1.179655082523823e-03, 1.17874622810632e-03, 1.164912711828947e-03, 1.155946869403124e-03, 1.154262921772897e-03, 1.152686774730682e-03, 1.149868592619896e-03, 1.149134710431099e-03, 1.148992334492505e-03, 1.148899435065687e-03, 1.146718859672546e-03, 1.144987531006336e-03, 1.154530677013099e-03, 1.166399451903999e-03, 1.170664909295738e-03, 1.172247342765331e-03, 1.170151052065194e-03, 1.164447050541639e-03, 1.164628774859011e-03, 1.176011399365962e-03, 1.180337625555694e-03, 1.181821571663022e-03, 1.182150328531861e-03, 1.182150328531861e-03, 1.182150328531861e-03, 1.182150328531861e-03, 1.182150328531861e-03, 1.182150328531861e-03, 1.182150328531861e-03, 1.182150328531861e-03, 1.182150328531861e-03, 1.182150328531861e-03, 1.182150328531861e-03, 1.182150328531861e-03, 1.182150328531861e-03]
roo.roo50.ple.C[1]=[0e+00, 0e+00, 0e+00, 0e+00, 0e+00, 0e+00, 0e+00, 0e+00, 0e+00, 0e+00, 0e+00, 0e+00, 0e+00, 0e+00, 0e+00, 0e+00, 0e+00, 9.408462724181154e-12, 6.269029739769394e-10, 3.349779120753738e-09, 8.150966550601879e-07, 7.186405127868056e-06, 2.114079143211711e-05, 7.528283458668739e-05, 1.636796368984506e-04, 2.897702797781676e-04, 3.67203465430066e-04, 4.302378511056304e-04, 6.205884856171915e-04, 8.13311489764601e-04, 9.454874671064317e-04, 1.030556741170585e-03, 1.069274381734431e-03, 1.088305958546698e-03, 1.109824399463832e-03, 1.132988603785634e-03, 1.14986696280539e-03, 1.161354361101985e-03, 1.16575846914202e-03, 1.16575846914202e-03, 1.16575846914202e-03, 1.16575846914202e-03, 1.16575846914202e-03, 1.16575846914202e-03, 1.16575846914202e-03, 1.16575846914202e-03, 1.16575846914202e-03, 1.16575846914202e-03, 1.16575846914202e-03, 1.16575846914202e-03, 1.16575846914202e-03, 1.16575846914202e-03, 1.16575846914202e-03, 1.16575846914202e-03, 1.16575846914202e-03, 1.16575846914202e-03, 1.16575846914202e-03, 1.16575846914202e-03, 1.16575846914202e-03, 1.16575846914202e-03, 1.16575846914202e-03, 1.16575846914202e-03, 1.16575846914202e-03, 1.166410162113607e-03, 1.166545785963535e-03, 1.16658431943506e-03, 1.16660154890269e-03, 1.166625530458987e-03, 1.165902591310441e-03, 1.163859269581735e-03, 1.161500811576843e-03, 1.159395324066281e-03, 1.157168298959732e-03, 1.155374688096344e-03, 1.15409679710865e-03, 1.153068733401597e-03, 1.152405864559114e-03, 1.151617965660989e-03, 1.151413540355861e-03, 1.156149199232459e-03, 1.161402906291187e-03, 1.165438559837639e-03, 1.166864181868732e-03, 1.165888854302466e-03, 1.164706540293992e-03, 1.168043585494161e-03, 1.172228483483195e-03, 1.17561942897737e-03, 1.17700279224664e-03, 1.17700279224664e-03, 1.17700279224664e-03, 1.17700279224664e-03, 1.17700279224664e-03, 1.17700279224664e-03, 1.17700279224664e-03, 1.17700279224664e-03, 1.17700279224664e-03, 1.17700279224664e-03, 1.17700279224664e-03, 1.17700279224664e-03, 1.17700279224664e-03]
>>>>>>> master
