{"xhat": 0.24982875431106474, "P": 0.009900991079296293}