"           TIME(S)","              HEAT","            FLOW_G","            FLOW_L","      FLOW_G_WATER","        FLOW_G_AIR","      FLOW_L_WATER","        FLOW_L_AIR"
  0.59400000000E+004,  0.17960277427E+002,  0.00000000000E+000,  0.41075226572E-003,  0.00000000000E+000,  0.00000000000E+000,  0.12676609138E-005,  0.16693235944E-007
  0.61200000000E+004,  0.17960543852E+002,  0.00000000000E+000,  0.41075835926E-003,  0.00000000000E+000,  0.00000000000E+000,  0.12676804204E-005,  0.16693474359E-007
  0.64800000000E+004,  0.17961007379E+002,  0.00000000000E+000,  0.41076896068E-003,  0.00000000000E+000,  0.00000000000E+000,  0.12677144008E-005,  0.16693888583E-007
  0.67500000000E+004,  0.17961320459E+002,  0.00000000000E+000,  0.41077612110E-003,  0.00000000000E+000,  0.00000000000E+000,  0.12677373763E-005,  0.16694168041E-007
