"           TIME(S)","              HEAT","            FLOW_G","            FLOW_L","      FLOW_G_WATER","        FLOW_G_AIR","      FLOW_L_WATER","        FLOW_L_AIR"
  0.41400000000E+004,  0.17889085182E+002,  0.00000000000E+000,  0.40921753020E-003,  0.00000000000E+000,  0.00000000000E+000,  0.13162759598E-005,  0.15954702353E-007
  0.43200000000E+004,  0.17888063930E+002,  0.00000000000E+000,  0.40919415791E-003,  0.00000000000E+000,  0.00000000000E+000,  0.13162008823E-005,  0.15953789936E-007
  0.46800000000E+004,  0.17886246330E+002,  0.00000000000E+000,  0.40915255809E-003,  0.00000000000E+000,  0.00000000000E+000,  0.13160672539E-005,  0.15952165953E-007
  0.49500000000E+004,  0.17884998094E+002,  0.00000000000E+000,  0.40912398813E-003,  0.00000000000E+000,  0.00000000000E+000,  0.13159754808E-005,  0.15951050637E-007
