"           TIME(S)","              HEAT","            FLOW_G","            FLOW_L","      FLOW_G_WATER","        FLOW_G_AIR","      FLOW_L_WATER","        FLOW_L_AIR"
  0.41400000000E+004,  0.17956255345E+002,  0.00000000000E+000,  0.41066027268E-003,  0.00000000000E+000,  0.00000000000E+000,  0.12673671902E-005,  0.16689626698E-007
  0.43200000000E+004,  0.17956824521E+002,  0.00000000000E+000,  0.41067329135E-003,  0.00000000000E+000,  0.00000000000E+000,  0.12674086862E-005,  0.16690138402E-007
  0.46800000000E+004,  0.17957801968E+002,  0.00000000000E+000,  0.41069564811E-003,  0.00000000000E+000,  0.00000000000E+000,  0.12674799721E-005,  0.16691016810E-007
  0.49500000000E+004,  0.17958455458E+002,  0.00000000000E+000,  0.41071059504E-003,  0.00000000000E+000,  0.00000000000E+000,  0.12675276512E-005,  0.16691603826E-007
