"           TIME(S)","              PRES","              TEMP","             SAT_G","             SAT_L"
  0.41400000000E+004,  0.10134340023E+006,  0.99999972208E+001,  0.89953899400E+000,  0.10046100600E+000
  0.43200000000E+004,  0.10134340059E+006,  0.99999968310E+001,  0.89953899401E+000,  0.10046100599E+000
  0.46800000000E+004,  0.10134340119E+006,  0.99999959056E+001,  0.89953899403E+000,  0.10046100597E+000
  0.49500000000E+004,  0.10134340161E+006,  0.99999951245E+001,  0.89953899404E+000,  0.10046100596E+000
