"           TIME(S)","              PRES","              TEMP","             SAT_G","             SAT_L"
  0.59400000000E+004,  0.31094926977E+006,  0.10979335603E+002,  0.00000000000E+000,  0.10000000000E+001
  0.61200000000E+004,  0.31101364836E+006,  0.10985976179E+002,  0.00000000000E+000,  0.10000000000E+001
  0.64800000000E+004,  0.31114134074E+006,  0.10999136447E+002,  0.00000000000E+000,  0.10000000000E+001
  0.67500000000E+004,  0.31123661790E+006,  0.11008939329E+002,  0.00000000000E+000,  0.10000000000E+001
