"           TIME(S)","              PRES","              TEMP","             SAT_G","             SAT_L"
  0.41400000000E+004,  0.77597356956E+006,  0.10885001940E+002,  0.00000000000E+000,  0.10000000000E+001
  0.43200000000E+004,  0.77597357048E+006,  0.10885002018E+002,  0.00000000000E+000,  0.10000000000E+001
  0.46800000000E+004,  0.77597357213E+006,  0.10885002174E+002,  0.00000000000E+000,  0.10000000000E+001
  0.49500000000E+004,  0.77597357332E+006,  0.10885002291E+002,  0.00000000000E+000,  0.10000000000E+001
