"           TIME(S)","              PRES","              TEMP","             SAT_G","             SAT_L"
  0.41400000000E+004,  0.10180600961E+006,  0.11055212703E+002,  0.89953000058E+000,  0.10046999942E+000
  0.43200000000E+004,  0.10181060833E+006,  0.11065585254E+002,  0.89952990517E+000,  0.10047009483E+000
  0.46800000000E+004,  0.10181971564E+006,  0.11086122078E+002,  0.89952971601E+000,  0.10047028399E+000
  0.49500000000E+004,  0.10182649703E+006,  0.11101408854E+002,  0.89952957480E+000,  0.10047042520E+000
