"           TIME(S)","              PRES","              TEMP","             SAT_G","             SAT_L"
  0.41400000000E+004,  0.79068335168E+006,  0.10885001867E+002,  0.00000000000E+000,  0.10000000000E+001
  0.43200000000E+004,  0.79068335183E+006,  0.10885001936E+002,  0.00000000000E+000,  0.10000000000E+001
  0.46800000000E+004,  0.79068335197E+006,  0.10885002075E+002,  0.00000000000E+000,  0.10000000000E+001
  0.49500000000E+004,  0.79068335202E+006,  0.10885002179E+002,  0.00000000000E+000,  0.10000000000E+001
