"           TIME(S)","              PRES","              TEMP","             SAT_G","             SAT_L"
  0.41400000000E+004,  0.29829560357E+006,  0.10397501010E+002,  0.00000000000E+000,  0.10000000000E+001
  0.43200000000E+004,  0.29829552228E+006,  0.10397501057E+002,  0.00000000000E+000,  0.10000000000E+001
  0.46800000000E+004,  0.29829537885E+006,  0.10397501150E+002,  0.00000000000E+000,  0.10000000000E+001
  0.49500000000E+004,  0.29829528071E+006,  0.10397501221E+002,  0.00000000000E+000,  0.10000000000E+001
