"           TIME(S)","              PRES","              TEMP","             SAT_G","             SAT_L"
  0.59400000000E+004,  0.10240446313E+006,  0.12397935948E+002,  0.89951648282E+000,  0.10048351718E+000
  0.61200000000E+004,  0.10240357667E+006,  0.12395842500E+002,  0.89951650627E+000,  0.10048349373E+000
  0.64800000000E+004,  0.10240186412E+006,  0.12391791511E+002,  0.89951655167E+000,  0.10048344833E+000
  0.67500000000E+004,  0.10240061320E+006,  0.12388828586E+002,  0.89951658488E+000,  0.10048341512E+000
